FREQ,Frequenza,REF_AREA,Territorio,DATA_TYPE,Indicatore,SEX,Sesso,AGE,Età,MARITAL_STATUS,Stato civile,TIME_PERIOD,Osservazione,OBS_STATUS,'Stato dell"'osservazione'
A,Annuale,IT,Italia,JAN,Popolazione al 1º gennaio,1,Maschi,TOTAL,Totale,99,Totale,2019,29131195,,
A,Annuale,IT,Italia,JAN,Popolazione al 1º gennaio,2,Femmine,TOTAL,Totale,99,Totale,2019,30685478,,
A,Annuale,IT,Italia,JAN,Popolazione al 1º gennaio,9,Totale,TOTAL,Totale,99,Totale,2019,59816673,,
A,Annuale,ITCD,Nord,JAN,Popolazione al 1º gennaio,1,Maschi,TOTAL,Totale,99,Totale,2019,13478726,,
A,Annuale,ITCD,Nord,JAN,Popolazione al 1º gennaio,2,Femmine,TOTAL,Totale,99,Totale,2019,14147796,,
A,Annuale,ITCD,Nord,JAN,Popolazione al 1º gennaio,9,Totale,TOTAL,Totale,99,Totale,2019,27626522,,
A,Annuale,ITC,Nord-ovest,JAN,Popolazione al 1º gennaio,1,Maschi,TOTAL,Totale,99,Totale,2019,7800239,,
A,Annuale,ITC,Nord-ovest,JAN,Popolazione al 1º gennaio,2,Femmine,TOTAL,Totale,99,Totale,2019,8197792,,
A,Annuale,ITC,Nord-ovest,JAN,Popolazione al 1º gennaio,9,Totale,TOTAL,Totale,99,Totale,2019,15998031,,
A,Annuale,ITC1,Piemonte,JAN,Popolazione al 1º gennaio,1,Maschi,TOTAL,Totale,99,Totale,2019,2103024,,
A,Annuale,ITC1,Piemonte,JAN,Popolazione al 1º gennaio,2,Femmine,TOTAL,Totale,99,Totale,2019,2225541,,
A,Annuale,ITC1,Piemonte,JAN,Popolazione al 1º gennaio,9,Totale,TOTAL,Totale,99,Totale,2019,4328565,,
A,Annuale,ITC11,Torino,JAN,Popolazione al 1º gennaio,1,Maschi,TOTAL,Totale,99,Totale,2019,1083154,,
A,Annuale,ITC11,Torino,JAN,Popolazione al 1º gennaio,2,Femmine,TOTAL,Totale,99,Totale,2019,1155509,,
A,Annuale,ITC11,Torino,JAN,Popolazione al 1º gennaio,9,Totale,TOTAL,Totale,99,Totale,2019,2238663,,
A,Annuale,ITC12,Vercelli,JAN,Popolazione al 1º gennaio,1,Maschi,TOTAL,Totale,99,Totale,2019,82721,,
A,Annuale,ITC12,Vercelli,JAN,Popolazione al 1º gennaio,2,Femmine,TOTAL,Totale,99,Totale,2019,87772,,
A,Annuale,ITC12,Vercelli,JAN,Popolazione al 1º gennaio,9,Totale,TOTAL,Totale,99,Totale,2019,170493,,
A,Annuale,ITC15,Novara,JAN,Popolazione al 1º gennaio,1,Maschi,TOTAL,Totale,99,Totale,2019,178009,,
A,Annuale,ITC15,Novara,JAN,Popolazione al 1º gennaio,2,Femmine,TOTAL,Totale,99,Totale,2019,187764,,
A,Annuale,ITC15,Novara,JAN,Popolazione al 1º gennaio,9,Totale,TOTAL,Totale,99,Totale,2019,365773,,
A,Annuale,ITC16,Cuneo,JAN,Popolazione al 1º gennaio,1,Maschi,TOTAL,Totale,99,Totale,2019,289728,,
A,Annuale,ITC16,Cuneo,JAN,Popolazione al 1º gennaio,2,Femmine,TOTAL,Totale,99,Totale,2019,297485,,
A,Annuale,ITC16,Cuneo,JAN,Popolazione al 1º gennaio,9,Totale,TOTAL,Totale,99,Totale,2019,587213,,
A,Annuale,ITC17,Asti,JAN,Popolazione al 1º gennaio,1,Maschi,TOTAL,Totale,99,Totale,2019,104575,,
A,Annuale,ITC17,Asti,JAN,Popolazione al 1º gennaio,2,Femmine,TOTAL,Totale,99,Totale,2019,108929,,
A,Annuale,ITC17,Asti,JAN,Popolazione al 1º gennaio,9,Totale,TOTAL,Totale,99,Totale,2019,213504,,
A,Annuale,ITC18,Alessandria,JAN,Popolazione al 1º gennaio,1,Maschi,TOTAL,Totale,99,Totale,2019,204210,,
A,Annuale,ITC18,Alessandria,JAN,Popolazione al 1º gennaio,2,Femmine,TOTAL,Totale,99,Totale,2019,216090,,
A,Annuale,ITC18,Alessandria,JAN,Popolazione al 1º gennaio,9,Totale,TOTAL,Totale,99,Totale,2019,420300,,
A,Annuale,ITC13,Biella,JAN,Popolazione al 1º gennaio,1,Maschi,TOTAL,Totale,99,Totale,2019,84295,,
A,Annuale,ITC13,Biella,JAN,Popolazione al 1º gennaio,2,Femmine,TOTAL,Totale,99,Totale,2019,91046,,
A,Annuale,ITC13,Biella,JAN,Popolazione al 1º gennaio,9,Totale,TOTAL,Totale,99,Totale,2019,175341,,
A,Annuale,ITC14,Verbano-Cusio-Ossola,JAN,Popolazione al 1º gennaio,1,Maschi,TOTAL,Totale,99,Totale,2019,76332,,
A,Annuale,ITC14,Verbano-Cusio-Ossola,JAN,Popolazione al 1º gennaio,2,Femmine,TOTAL,Totale,99,Totale,2019,80946,,
A,Annuale,ITC14,Verbano-Cusio-Ossola,JAN,Popolazione al 1º gennaio,9,Totale,TOTAL,Totale,99,Totale,2019,157278,,
A,Annuale,ITC2,'Valle d"'Aosta / Vallée d"'Aoste',JAN,Popolazione al 1º gennaio,1,Maschi,TOTAL,Totale,99,Totale,2019,61471,,
A,Annuale,ITC2,'Valle d"'Aosta / Vallée d"'Aoste',JAN,Popolazione al 1º gennaio,2,Femmine,TOTAL,Totale,99,Totale,2019,64182,,
A,Annuale,ITC2,'Valle d"'Aosta / Vallée d"'Aoste',JAN,Popolazione al 1º gennaio,9,Totale,TOTAL,Totale,99,Totale,2019,125653,,
A,Annuale,ITC20,'Valle d"'Aosta / Vallée d"'Aoste',JAN,Popolazione al 1º gennaio,1,Maschi,TOTAL,Totale,99,Totale,2019,61471,,
A,Annuale,ITC20,'Valle d"'Aosta / Vallée d"'Aoste',JAN,Popolazione al 1º gennaio,2,Femmine,TOTAL,Totale,99,Totale,2019,64182,,
A,Annuale,ITC20,'Valle d"'Aosta / Vallée d"'Aoste',JAN,Popolazione al 1º gennaio,9,Totale,TOTAL,Totale,99,Totale,2019,125653,,
A,Annuale,ITC3,Liguria,JAN,Popolazione al 1º gennaio,1,Maschi,TOTAL,Totale,99,Totale,2019,733543,,
A,Annuale,ITC3,Liguria,JAN,Popolazione al 1º gennaio,2,Femmine,TOTAL,Totale,99,Totale,2019,799437,,
A,Annuale,ITC3,Liguria,JAN,Popolazione al 1º gennaio,9,Totale,TOTAL,Totale,99,Totale,2019,1532980,,
A,Annuale,ITC31,Imperia,JAN,Popolazione al 1º gennaio,1,Maschi,TOTAL,Totale,99,Totale,2019,101342,,
A,Annuale,ITC31,Imperia,JAN,Popolazione al 1º gennaio,2,Femmine,TOTAL,Totale,99,Totale,2019,108640,,
A,Annuale,ITC31,Imperia,JAN,Popolazione al 1º gennaio,9,Totale,TOTAL,Totale,99,Totale,2019,209982,,
A,Annuale,ITC32,Savona,JAN,Popolazione al 1º gennaio,1,Maschi,TOTAL,Totale,99,Totale,2019,131319,,
A,Annuale,ITC32,Savona,JAN,Popolazione al 1º gennaio,2,Femmine,TOTAL,Totale,99,Totale,2019,142413,,
A,Annuale,ITC32,Savona,JAN,Popolazione al 1º gennaio,9,Totale,TOTAL,Totale,99,Totale,2019,273732,,
A,Annuale,ITC33,Genova,JAN,Popolazione al 1º gennaio,1,Maschi,TOTAL,Totale,99,Totale,2019,395552,,
A,Annuale,ITC33,Genova,JAN,Popolazione al 1º gennaio,2,Femmine,TOTAL,Totale,99,Totale,2019,435620,,
A,Annuale,ITC33,Genova,JAN,Popolazione al 1º gennaio,9,Totale,TOTAL,Totale,99,Totale,2019,831172,,
A,Annuale,ITC34,La Spezia,JAN,Popolazione al 1º gennaio,1,Maschi,TOTAL,Totale,99,Totale,2019,105330,,
A,Annuale,ITC34,La Spezia,JAN,Popolazione al 1º gennaio,2,Femmine,TOTAL,Totale,99,Totale,2019,112764,,
A,Annuale,ITC34,La Spezia,JAN,Popolazione al 1º gennaio,9,Totale,TOTAL,Totale,99,Totale,2019,218094,,
A,Annuale,ITC4,Lombardia,JAN,Popolazione al 1º gennaio,1,Maschi,TOTAL,Totale,99,Totale,2019,4902201,,
A,Annuale,ITC4,Lombardia,JAN,Popolazione al 1º gennaio,2,Femmine,TOTAL,Totale,99,Totale,2019,5108632,,
A,Annuale,ITC4,Lombardia,JAN,Popolazione al 1º gennaio,9,Totale,TOTAL,Totale,99,Totale,2019,10010833,,
A,Annuale,ITC41,Varese,JAN,Popolazione al 1º gennaio,1,Maschi,TOTAL,Totale,99,Totale,2019,431187,,
A,Annuale,ITC41,Varese,JAN,Popolazione al 1º gennaio,2,Femmine,TOTAL,Totale,99,Totale,2019,453898,,
A,Annuale,ITC41,Varese,JAN,Popolazione al 1º gennaio,9,Totale,TOTAL,Totale,99,Totale,2019,885085,,
A,Annuale,ITC42,Como,JAN,Popolazione al 1º gennaio,1,Maschi,TOTAL,Totale,99,Totale,2019,293627,,
A,Annuale,ITC42,Como,JAN,Popolazione al 1º gennaio,2,Femmine,TOTAL,Totale,99,Totale,2019,304180,,
A,Annuale,ITC42,Como,JAN,Popolazione al 1º gennaio,9,Totale,TOTAL,Totale,99,Totale,2019,597807,,
A,Annuale,ITC44,Sondrio,JAN,Popolazione al 1º gennaio,1,Maschi,TOTAL,Totale,99,Totale,2019,88718,,
A,Annuale,ITC44,Sondrio,JAN,Popolazione al 1º gennaio,2,Femmine,TOTAL,Totale,99,Totale,2019,91962,,
A,Annuale,ITC44,Sondrio,JAN,Popolazione al 1º gennaio,9,Totale,TOTAL,Totale,99,Totale,2019,180680,,
A,Annuale,ITC45,Milano,JAN,Popolazione al 1º gennaio,1,Maschi,TOTAL,Totale,99,Totale,2019,1576705,,
A,Annuale,ITC45,Milano,JAN,Popolazione al 1º gennaio,2,Femmine,TOTAL,Totale,99,Totale,2019,1673372,,
A,Annuale,ITC45,Milano,JAN,Popolazione al 1º gennaio,9,Totale,TOTAL,Totale,99,Totale,2019,3250077,,
A,Annuale,ITC46,Bergamo,JAN,Popolazione al 1º gennaio,1,Maschi,TOTAL,Totale,99,Totale,2019,549430,,
A,Annuale,ITC46,Bergamo,JAN,Popolazione al 1º gennaio,2,Femmine,TOTAL,Totale,99,Totale,2019,557729,,
A,Annuale,ITC46,Bergamo,JAN,Popolazione al 1º gennaio,9,Totale,TOTAL,Totale,99,Totale,2019,1107159,,
A,Annuale,ITC47,Brescia,JAN,Popolazione al 1º gennaio,1,Maschi,TOTAL,Totale,99,Totale,2019,618924,,
A,Annuale,ITC47,Brescia,JAN,Popolazione al 1º gennaio,2,Femmine,TOTAL,Totale,99,Totale,2019,635495,,
A,Annuale,ITC47,Brescia,JAN,Popolazione al 1º gennaio,9,Totale,TOTAL,Totale,99,Totale,2019,1254419,,
A,Annuale,ITC48,Pavia,JAN,Popolazione al 1º gennaio,1,Maschi,TOTAL,Totale,99,Totale,2019,264859,,
A,Annuale,ITC48,Pavia,JAN,Popolazione al 1º gennaio,2,Femmine,TOTAL,Totale,99,Totale,2019,276858,,
A,Annuale,ITC48,Pavia,JAN,Popolazione al 1º gennaio,9,Totale,TOTAL,Totale,99,Totale,2019,541717,,
A,Annuale,ITC4A,Cremona,JAN,Popolazione al 1º gennaio,1,Maschi,TOTAL,Totale,99,Totale,2019,175540,,
A,Annuale,ITC4A,Cremona,JAN,Popolazione al 1º gennaio,2,Femmine,TOTAL,Totale,99,Totale,2019,180610,,
A,Annuale,ITC4A,Cremona,JAN,Popolazione al 1º gennaio,9,Totale,TOTAL,Totale,99,Totale,2019,356150,,
A,Annuale,ITC4B,Mantova,JAN,Popolazione al 1º gennaio,1,Maschi,TOTAL,Totale,99,Totale,2019,200525,,
A,Annuale,ITC4B,Mantova,JAN,Popolazione al 1º gennaio,2,Femmine,TOTAL,Totale,99,Totale,2019,207326,,
A,Annuale,ITC4B,Mantova,JAN,Popolazione al 1º gennaio,9,Totale,TOTAL,Totale,99,Totale,2019,407851,,
A,Annuale,ITC43,Lecco,JAN,Popolazione al 1º gennaio,1,Maschi,TOTAL,Totale,99,Totale,2019,165523,,
A,Annuale,ITC43,Lecco,JAN,Popolazione al 1º gennaio,2,Femmine,TOTAL,Totale,99,Totale,2019,170031,,
A,Annuale,ITC43,Lecco,JAN,Popolazione al 1º gennaio,9,Totale,TOTAL,Totale,99,Totale,2019,335554,,
A,Annuale,ITC49,Lodi,JAN,Popolazione al 1º gennaio,1,Maschi,TOTAL,Totale,99,Totale,2019,112069,,
A,Annuale,ITC49,Lodi,JAN,Popolazione al 1º gennaio,2,Femmine,TOTAL,Totale,99,Totale,2019,114880,,
A,Annuale,ITC49,Lodi,JAN,Popolazione al 1º gennaio,9,Totale,TOTAL,Totale,99,Totale,2019,226949,,
A,Annuale,IT108,Monza e della Brianza,JAN,Popolazione al 1º gennaio,1,Maschi,TOTAL,Totale,99,Totale,2019,425094,,
A,Annuale,IT108,Monza e della Brianza,JAN,Popolazione al 1º gennaio,2,Femmine,TOTAL,Totale,99,Totale,2019,442291,,
A,Annuale,IT108,Monza e della Brianza,JAN,Popolazione al 1º gennaio,9,Totale,TOTAL,Totale,99,Totale,2019,867385,,
A,Annuale,ITD,Nord-est,JAN,Popolazione al 1º gennaio,1,Maschi,TOTAL,Totale,99,Totale,2019,5678487,,
A,Annuale,ITD,Nord-est,JAN,Popolazione al 1º gennaio,2,Femmine,TOTAL,Totale,99,Totale,2019,5950004,,
A,Annuale,ITD,Nord-est,JAN,Popolazione al 1º gennaio,9,Totale,TOTAL,Totale,99,Totale,2019,11628491,,
A,Annuale,ITDA,Trentino Alto Adige / Südtirol,JAN,Popolazione al 1º gennaio,1,Maschi,TOTAL,Totale,99,Totale,2019,529279,,
A,Annuale,ITDA,Trentino Alto Adige / Südtirol,JAN,Popolazione al 1º gennaio,2,Femmine,TOTAL,Totale,99,Totale,2019,544755,,
A,Annuale,ITDA,Trentino Alto Adige / Südtirol,JAN,Popolazione al 1º gennaio,9,Totale,TOTAL,Totale,99,Totale,2019,1074034,,
A,Annuale,ITD1,Provincia Autonoma Bolzano / Bozen,JAN,Popolazione al 1º gennaio,1,Maschi,TOTAL,Totale,99,Totale,2019,262371,,
A,Annuale,ITD1,Provincia Autonoma Bolzano / Bozen,JAN,Popolazione al 1º gennaio,2,Femmine,TOTAL,Totale,99,Totale,2019,267942,,
A,Annuale,ITD1,Provincia Autonoma Bolzano / Bozen,JAN,Popolazione al 1º gennaio,9,Totale,TOTAL,Totale,99,Totale,2019,530313,,
A,Annuale,ITD10,Bolzano / Bozen,JAN,Popolazione al 1º gennaio,1,Maschi,TOTAL,Totale,99,Totale,2019,262371,,
A,Annuale,ITD10,Bolzano / Bozen,JAN,Popolazione al 1º gennaio,2,Femmine,TOTAL,Totale,99,Totale,2019,267942,,
A,Annuale,ITD10,Bolzano / Bozen,JAN,Popolazione al 1º gennaio,9,Totale,TOTAL,Totale,99,Totale,2019,530313,,
A,Annuale,ITD2,Provincia Autonoma Trento,JAN,Popolazione al 1º gennaio,1,Maschi,TOTAL,Totale,99,Totale,2019,266908,,
A,Annuale,ITD2,Provincia Autonoma Trento,JAN,Popolazione al 1º gennaio,2,Femmine,TOTAL,Totale,99,Totale,2019,276813,,
A,Annuale,ITD2,Provincia Autonoma Trento,JAN,Popolazione al 1º gennaio,9,Totale,TOTAL,Totale,99,Totale,2019,543721,,
A,Annuale,ITD20,Trento,JAN,Popolazione al 1º gennaio,1,Maschi,TOTAL,Totale,99,Totale,2019,266908,,
A,Annuale,ITD20,Trento,JAN,Popolazione al 1º gennaio,2,Femmine,TOTAL,Totale,99,Totale,2019,276813,,
A,Annuale,ITD20,Trento,JAN,Popolazione al 1º gennaio,9,Totale,TOTAL,Totale,99,Totale,2019,543721,,
A,Annuale,ITD3,Veneto,JAN,Popolazione al 1º gennaio,1,Maschi,TOTAL,Totale,99,Totale,2019,2390898,,
A,Annuale,ITD3,Veneto,JAN,Popolazione al 1º gennaio,2,Femmine,TOTAL,Totale,99,Totale,2019,2493692,,
A,Annuale,ITD3,Veneto,JAN,Popolazione al 1º gennaio,9,Totale,TOTAL,Totale,99,Totale,2019,4884590,,
A,Annuale,ITD31,Verona,JAN,Popolazione al 1º gennaio,1,Maschi,TOTAL,Totale,99,Totale,2019,452596,,
A,Annuale,ITD31,Verona,JAN,Popolazione al 1º gennaio,2,Femmine,TOTAL,Totale,99,Totale,2019,470261,,
A,Annuale,ITD31,Verona,JAN,Popolazione al 1º gennaio,9,Totale,TOTAL,Totale,99,Totale,2019,922857,,
A,Annuale,ITD32,Vicenza,JAN,Popolazione al 1º gennaio,1,Maschi,TOTAL,Totale,99,Totale,2019,422477,,
A,Annuale,ITD32,Vicenza,JAN,Popolazione al 1º gennaio,2,Femmine,TOTAL,Totale,99,Totale,2019,434462,,
A,Annuale,ITD32,Vicenza,JAN,Popolazione al 1º gennaio,9,Totale,TOTAL,Totale,99,Totale,2019,856939,,
A,Annuale,ITD33,Belluno,JAN,Popolazione al 1º gennaio,1,Maschi,TOTAL,Totale,99,Totale,2019,98284,,
A,Annuale,ITD33,Belluno,JAN,Popolazione al 1º gennaio,2,Femmine,TOTAL,Totale,99,Totale,2019,103985,,
A,Annuale,ITD33,Belluno,JAN,Popolazione al 1º gennaio,9,Totale,TOTAL,Totale,99,Totale,2019,202269,,
A,Annuale,ITD34,Treviso,JAN,Popolazione al 1º gennaio,1,Maschi,TOTAL,Totale,99,Totale,2019,435045,,
A,Annuale,ITD34,Treviso,JAN,Popolazione al 1º gennaio,2,Femmine,TOTAL,Totale,99,Totale,2019,449128,,
A,Annuale,ITD34,Treviso,JAN,Popolazione al 1º gennaio,9,Totale,TOTAL,Totale,99,Totale,2019,884173,,
A,Annuale,ITD35,Venezia,JAN,Popolazione al 1º gennaio,1,Maschi,TOTAL,Totale,99,Totale,2019,413168,,
A,Annuale,ITD35,Venezia,JAN,Popolazione al 1º gennaio,2,Femmine,TOTAL,Totale,99,Totale,2019,437889,,
A,Annuale,ITD35,Venezia,JAN,Popolazione al 1º gennaio,9,Totale,TOTAL,Totale,99,Totale,2019,851057,,
A,Annuale,ITD36,Padova,JAN,Popolazione al 1º gennaio,1,Maschi,TOTAL,Totale,99,Totale,2019,455794,,
A,Annuale,ITD36,Padova,JAN,Popolazione al 1º gennaio,2,Femmine,TOTAL,Totale,99,Totale,2019,478073,,
A,Annuale,ITD36,Padova,JAN,Popolazione al 1º gennaio,9,Totale,TOTAL,Totale,99,Totale,2019,933867,,
A,Annuale,ITD37,Rovigo,JAN,Popolazione al 1º gennaio,1,Maschi,TOTAL,Totale,99,Totale,2019,113534,,
A,Annuale,ITD37,Rovigo,JAN,Popolazione al 1º gennaio,2,Femmine,TOTAL,Totale,99,Totale,2019,119894,,
A,Annuale,ITD37,Rovigo,JAN,Popolazione al 1º gennaio,9,Totale,TOTAL,Totale,99,Totale,2019,233428,,
A,Annuale,ITD4,Friuli-Venezia Giulia,JAN,Popolazione al 1º gennaio,1,Maschi,TOTAL,Totale,99,Totale,2019,588663,,
A,Annuale,ITD4,Friuli-Venezia Giulia,JAN,Popolazione al 1º gennaio,2,Femmine,TOTAL,Totale,99,Totale,2019,621751,,
A,Annuale,ITD4,Friuli-Venezia Giulia,JAN,Popolazione al 1º gennaio,9,Totale,TOTAL,Totale,99,Totale,2019,1210414,,
A,Annuale,ITD42,Udine,JAN,Popolazione al 1º gennaio,1,Maschi,TOTAL,Totale,99,Totale,2019,256578,,
A,Annuale,ITD42,Udine,JAN,Popolazione al 1º gennaio,2,Femmine,TOTAL,Totale,99,Totale,2019,272652,,
A,Annuale,ITD42,Udine,JAN,Popolazione al 1º gennaio,9,Totale,TOTAL,Totale,99,Totale,2019,529230,,
A,Annuale,ITD43,Gorizia,JAN,Popolazione al 1º gennaio,1,Maschi,TOTAL,Totale,99,Totale,2019,67922,,
A,Annuale,ITD43,Gorizia,JAN,Popolazione al 1º gennaio,2,Femmine,TOTAL,Totale,99,Totale,2019,70221,,
A,Annuale,ITD43,Gorizia,JAN,Popolazione al 1º gennaio,9,Totale,TOTAL,Totale,99,Totale,2019,138143,,
A,Annuale,ITD44,Trieste,JAN,Popolazione al 1º gennaio,1,Maschi,TOTAL,Totale,99,Totale,2019,111530,,
A,Annuale,ITD44,Trieste,JAN,Popolazione al 1º gennaio,2,Femmine,TOTAL,Totale,99,Totale,2019,120875,,
A,Annuale,ITD44,Trieste,JAN,Popolazione al 1º gennaio,9,Totale,TOTAL,Totale,99,Totale,2019,232405,,
A,Annuale,ITD41,Pordenone,JAN,Popolazione al 1º gennaio,1,Maschi,TOTAL,Totale,99,Totale,2019,152633,,
A,Annuale,ITD41,Pordenone,JAN,Popolazione al 1º gennaio,2,Femmine,TOTAL,Totale,99,Totale,2019,158003,,
A,Annuale,ITD41,Pordenone,JAN,Popolazione al 1º gennaio,9,Totale,TOTAL,Totale,99,Totale,2019,310636,,
A,Annuale,ITD5,Emilia-Romagna,JAN,Popolazione al 1º gennaio,1,Maschi,TOTAL,Totale,99,Totale,2019,2169647,,
A,Annuale,ITD5,Emilia-Romagna,JAN,Popolazione al 1º gennaio,2,Femmine,TOTAL,Totale,99,Totale,2019,2289806,,
A,Annuale,ITD5,Emilia-Romagna,JAN,Popolazione al 1º gennaio,9,Totale,TOTAL,Totale,99,Totale,2019,4459453,,
A,Annuale,ITD51,Piacenza,JAN,Popolazione al 1º gennaio,1,Maschi,TOTAL,Totale,99,Totale,2019,140181,,
A,Annuale,ITD51,Piacenza,JAN,Popolazione al 1º gennaio,2,Femmine,TOTAL,Totale,99,Totale,2019,146084,,
A,Annuale,ITD51,Piacenza,JAN,Popolazione al 1º gennaio,9,Totale,TOTAL,Totale,99,Totale,2019,286265,,
A,Annuale,ITD52,Parma,JAN,Popolazione al 1º gennaio,1,Maschi,TOTAL,Totale,99,Totale,2019,220998,,
A,Annuale,ITD52,Parma,JAN,Popolazione al 1º gennaio,2,Femmine,TOTAL,Totale,99,Totale,2019,231507,,
A,Annuale,ITD52,Parma,JAN,Popolazione al 1º gennaio,9,Totale,TOTAL,Totale,99,Totale,2019,452505,,
A,Annuale,ITD53,'Reggio nell"'Emilia',JAN,Popolazione al 1º gennaio,1,Maschi,TOTAL,Totale,99,Totale,2019,260735,,
A,Annuale,ITD53,'Reggio nell"'Emilia',JAN,Popolazione al 1º gennaio,2,Femmine,TOTAL,Totale,99,Totale,2019,269197,,
A,Annuale,ITD53,'Reggio nell"'Emilia',JAN,Popolazione al 1º gennaio,9,Totale,TOTAL,Totale,99,Totale,2019,529932,,
A,Annuale,ITD54,Modena,JAN,Popolazione al 1º gennaio,1,Maschi,TOTAL,Totale,99,Totale,2019,346204,,
A,Annuale,ITD54,Modena,JAN,Popolazione al 1º gennaio,2,Femmine,TOTAL,Totale,99,Totale,2019,360553,,
A,Annuale,ITD54,Modena,JAN,Popolazione al 1º gennaio,9,Totale,TOTAL,Totale,99,Totale,2019,706757,,
A,Annuale,ITD55,Bologna,JAN,Popolazione al 1º gennaio,1,Maschi,TOTAL,Totale,99,Totale,2019,490811,,
A,Annuale,ITD55,Bologna,JAN,Popolazione al 1º gennaio,2,Femmine,TOTAL,Totale,99,Totale,2019,526740,,
A,Annuale,ITD55,Bologna,JAN,Popolazione al 1º gennaio,9,Totale,TOTAL,Totale,99,Totale,2019,1017551,,
A,Annuale,ITD56,Ferrara,JAN,Popolazione al 1º gennaio,1,Maschi,TOTAL,Totale,99,Totale,2019,166174,,
A,Annuale,ITD56,Ferrara,JAN,Popolazione al 1º gennaio,2,Femmine,TOTAL,Totale,99,Totale,2019,179364,,
A,Annuale,ITD56,Ferrara,JAN,Popolazione al 1º gennaio,9,Totale,TOTAL,Totale,99,Totale,2019,345538,,
A,Annuale,ITD57,Ravenna,JAN,Popolazione al 1º gennaio,1,Maschi,TOTAL,Totale,99,Totale,2019,189246,,
A,Annuale,ITD57,Ravenna,JAN,Popolazione al 1º gennaio,2,Femmine,TOTAL,Totale,99,Totale,2019,199667,,
A,Annuale,ITD57,Ravenna,JAN,Popolazione al 1º gennaio,9,Totale,TOTAL,Totale,99,Totale,2019,388913,,
A,Annuale,ITD58,Forlì-Cesena,JAN,Popolazione al 1º gennaio,1,Maschi,TOTAL,Totale,99,Totale,2019,192526,,
A,Annuale,ITD58,Forlì-Cesena,JAN,Popolazione al 1º gennaio,2,Femmine,TOTAL,Totale,99,Totale,2019,202912,,
A,Annuale,ITD58,Forlì-Cesena,JAN,Popolazione al 1º gennaio,9,Totale,TOTAL,Totale,99,Totale,2019,395438,,
A,Annuale,ITD59,Rimini,JAN,Popolazione al 1º gennaio,1,Maschi,TOTAL,Totale,99,Totale,2019,162772,,
A,Annuale,ITD59,Rimini,JAN,Popolazione al 1º gennaio,2,Femmine,TOTAL,Totale,99,Totale,2019,173782,,
A,Annuale,ITD59,Rimini,JAN,Popolazione al 1º gennaio,9,Totale,TOTAL,Totale,99,Totale,2019,336554,,
A,Annuale,ITE,Centro,JAN,Popolazione al 1º gennaio,1,Maschi,TOTAL,Totale,99,Totale,2019,5736110,,
A,Annuale,ITE,Centro,JAN,Popolazione al 1º gennaio,2,Femmine,TOTAL,Totale,99,Totale,2019,6132374,,
A,Annuale,ITE,Centro,JAN,Popolazione al 1º gennaio,9,Totale,TOTAL,Totale,99,Totale,2019,11868484,,
A,Annuale,ITE1,Toscana,JAN,Popolazione al 1º gennaio,1,Maschi,TOTAL,Totale,99,Totale,2019,1788031,,
A,Annuale,ITE1,Toscana,JAN,Popolazione al 1º gennaio,2,Femmine,TOTAL,Totale,99,Totale,2019,1913312,,
A,Annuale,ITE1,Toscana,JAN,Popolazione al 1º gennaio,9,Totale,TOTAL,Totale,99,Totale,2019,3701343,,
A,Annuale,ITE11,Massa-Carrara,JAN,Popolazione al 1º gennaio,1,Maschi,TOTAL,Totale,99,Totale,2019,93221,,
A,Annuale,ITE11,Massa-Carrara,JAN,Popolazione al 1º gennaio,2,Femmine,TOTAL,Totale,99,Totale,2019,99614,,
A,Annuale,ITE11,Massa-Carrara,JAN,Popolazione al 1º gennaio,9,Totale,TOTAL,Totale,99,Totale,2019,192835,,
A,Annuale,ITE12,Lucca,JAN,Popolazione al 1º gennaio,1,Maschi,TOTAL,Totale,99,Totale,2019,185344,,
A,Annuale,ITE12,Lucca,JAN,Popolazione al 1º gennaio,2,Femmine,TOTAL,Totale,99,Totale,2019,198133,,
A,Annuale,ITE12,Lucca,JAN,Popolazione al 1º gennaio,9,Totale,TOTAL,Totale,99,Totale,2019,383477,,
A,Annuale,ITE13,Pistoia,JAN,Popolazione al 1º gennaio,1,Maschi,TOTAL,Totale,99,Totale,2019,140623,,
A,Annuale,ITE13,Pistoia,JAN,Popolazione al 1º gennaio,2,Femmine,TOTAL,Totale,99,Totale,2019,150790,,
A,Annuale,ITE13,Pistoia,JAN,Popolazione al 1º gennaio,9,Totale,TOTAL,Totale,99,Totale,2019,291413,,
A,Annuale,ITE14,Firenze,JAN,Popolazione al 1º gennaio,1,Maschi,TOTAL,Totale,99,Totale,2019,479118,,
A,Annuale,ITE14,Firenze,JAN,Popolazione al 1º gennaio,2,Femmine,TOTAL,Totale,99,Totale,2019,519858,,
A,Annuale,ITE14,Firenze,JAN,Popolazione al 1º gennaio,9,Totale,TOTAL,Totale,99,Totale,2019,998976,,
A,Annuale,ITE16,Livorno,JAN,Popolazione al 1º gennaio,1,Maschi,TOTAL,Totale,99,Totale,2019,160455,,
A,Annuale,ITE16,Livorno,JAN,Popolazione al 1º gennaio,2,Femmine,TOTAL,Totale,99,Totale,2019,172432,,
A,Annuale,ITE16,Livorno,JAN,Popolazione al 1º gennaio,9,Totale,TOTAL,Totale,99,Totale,2019,332887,,
A,Annuale,ITE17,Pisa,JAN,Popolazione al 1º gennaio,1,Maschi,TOTAL,Totale,99,Totale,2019,203666,,
A,Annuale,ITE17,Pisa,JAN,Popolazione al 1º gennaio,2,Femmine,TOTAL,Totale,99,Totale,2019,214634,,
A,Annuale,ITE17,Pisa,JAN,Popolazione al 1º gennaio,9,Totale,TOTAL,Totale,99,Totale,2019,418300,,
A,Annuale,ITE18,Arezzo,JAN,Popolazione al 1º gennaio,1,Maschi,TOTAL,Totale,99,Totale,2019,165895,,
A,Annuale,ITE18,Arezzo,JAN,Popolazione al 1º gennaio,2,Femmine,TOTAL,Totale,99,Totale,2019,174454,,
A,Annuale,ITE18,Arezzo,JAN,Popolazione al 1º gennaio,9,Totale,TOTAL,Totale,99,Totale,2019,340349,,
A,Annuale,ITE19,Siena,JAN,Popolazione al 1º gennaio,1,Maschi,TOTAL,Totale,99,Totale,2019,128176,,
A,Annuale,ITE19,Siena,JAN,Popolazione al 1º gennaio,2,Femmine,TOTAL,Totale,99,Totale,2019,137857,,
A,Annuale,ITE19,Siena,JAN,Popolazione al 1º gennaio,9,Totale,TOTAL,Totale,99,Totale,2019,266033,,
A,Annuale,ITE1A,Grosseto,JAN,Popolazione al 1º gennaio,1,Maschi,TOTAL,Totale,99,Totale,2019,106565,,
A,Annuale,ITE1A,Grosseto,JAN,Popolazione al 1º gennaio,2,Femmine,TOTAL,Totale,99,Totale,2019,113974,,
A,Annuale,ITE1A,Grosseto,JAN,Popolazione al 1º gennaio,9,Totale,TOTAL,Totale,99,Totale,2019,220539,,
A,Annuale,ITE15,Prato,JAN,Popolazione al 1º gennaio,1,Maschi,TOTAL,Totale,99,Totale,2019,124968,,
A,Annuale,ITE15,Prato,JAN,Popolazione al 1º gennaio,2,Femmine,TOTAL,Totale,99,Totale,2019,131566,,
A,Annuale,ITE15,Prato,JAN,Popolazione al 1º gennaio,9,Totale,TOTAL,Totale,99,Totale,2019,256534,,
A,Annuale,ITE2,Umbria,JAN,Popolazione al 1º gennaio,1,Maschi,TOTAL,Totale,99,Totale,2019,421451,,
A,Annuale,ITE2,Umbria,JAN,Popolazione al 1º gennaio,2,Femmine,TOTAL,Totale,99,Totale,2019,452293,,
A,Annuale,ITE2,Umbria,JAN,Popolazione al 1º gennaio,9,Totale,TOTAL,Totale,99,Totale,2019,873744,,
A,Annuale,ITE21,Perugia,JAN,Popolazione al 1º gennaio,1,Maschi,TOTAL,Totale,99,Totale,2019,313631,,
A,Annuale,ITE21,Perugia,JAN,Popolazione al 1º gennaio,2,Femmine,TOTAL,Totale,99,Totale,2019,335198,,
A,Annuale,ITE21,Perugia,JAN,Popolazione al 1º gennaio,9,Totale,TOTAL,Totale,99,Totale,2019,648829,,
A,Annuale,ITE22,Terni,JAN,Popolazione al 1º gennaio,1,Maschi,TOTAL,Totale,99,Totale,2019,107820,,
A,Annuale,ITE22,Terni,JAN,Popolazione al 1º gennaio,2,Femmine,TOTAL,Totale,99,Totale,2019,117095,,
A,Annuale,ITE22,Terni,JAN,Popolazione al 1º gennaio,9,Totale,TOTAL,Totale,99,Totale,2019,224915,,
A,Annuale,ITE3,Marche,JAN,Popolazione al 1º gennaio,1,Maschi,TOTAL,Totale,99,Totale,2019,739088,,
A,Annuale,ITE3,Marche,JAN,Popolazione al 1º gennaio,2,Femmine,TOTAL,Totale,99,Totale,2019,781233,,
A,Annuale,ITE3,Marche,JAN,Popolazione al 1º gennaio,9,Totale,TOTAL,Totale,99,Totale,2019,1520321,,
A,Annuale,ITE31,Pesaro e Urbino,JAN,Popolazione al 1º gennaio,1,Maschi,TOTAL,Totale,99,Totale,2019,174947,,
A,Annuale,ITE31,Pesaro e Urbino,JAN,Popolazione al 1º gennaio,2,Femmine,TOTAL,Totale,99,Totale,2019,183196,,
A,Annuale,ITE31,Pesaro e Urbino,JAN,Popolazione al 1º gennaio,9,Totale,TOTAL,Totale,99,Totale,2019,358143,,
A,Annuale,ITE32,Ancona,JAN,Popolazione al 1º gennaio,1,Maschi,TOTAL,Totale,99,Totale,2019,227133,,
A,Annuale,ITE32,Ancona,JAN,Popolazione al 1º gennaio,2,Femmine,TOTAL,Totale,99,Totale,2019,242033,,
A,Annuale,ITE32,Ancona,JAN,Popolazione al 1º gennaio,9,Totale,TOTAL,Totale,99,Totale,2019,469166,,
A,Annuale,ITE33,Macerata,JAN,Popolazione al 1º gennaio,1,Maschi,TOTAL,Totale,99,Totale,2019,152188,,
A,Annuale,ITE33,Macerata,JAN,Popolazione al 1º gennaio,2,Femmine,TOTAL,Totale,99,Totale,2019,160834,,
A,Annuale,ITE33,Macerata,JAN,Popolazione al 1º gennaio,9,Totale,TOTAL,Totale,99,Totale,2019,313022,,
A,Annuale,ITE34,Ascoli Piceno,JAN,Popolazione al 1º gennaio,1,Maschi,TOTAL,Totale,99,Totale,2019,100496,,
A,Annuale,ITE34,Ascoli Piceno,JAN,Popolazione al 1º gennaio,2,Femmine,TOTAL,Totale,99,Totale,2019,106813,,
A,Annuale,ITE34,Ascoli Piceno,JAN,Popolazione al 1º gennaio,9,Totale,TOTAL,Totale,99,Totale,2019,207309,,
A,Annuale,IT109,Fermo,JAN,Popolazione al 1º gennaio,1,Maschi,TOTAL,Totale,99,Totale,2019,84324,,
A,Annuale,IT109,Fermo,JAN,Popolazione al 1º gennaio,2,Femmine,TOTAL,Totale,99,Totale,2019,88357,,
A,Annuale,IT109,Fermo,JAN,Popolazione al 1º gennaio,9,Totale,TOTAL,Totale,99,Totale,2019,172681,,
A,Annuale,ITE4,Lazio,JAN,Popolazione al 1º gennaio,1,Maschi,TOTAL,Totale,99,Totale,2019,2787540,,
A,Annuale,ITE4,Lazio,JAN,Popolazione al 1º gennaio,2,Femmine,TOTAL,Totale,99,Totale,2019,2985536,,
A,Annuale,ITE4,Lazio,JAN,Popolazione al 1º gennaio,9,Totale,TOTAL,Totale,99,Totale,2019,5773076,,
A,Annuale,ITE41,Viterbo,JAN,Popolazione al 1º gennaio,1,Maschi,TOTAL,Totale,99,Totale,2019,152870,,
A,Annuale,ITE41,Viterbo,JAN,Popolazione al 1º gennaio,2,Femmine,TOTAL,Totale,99,Totale,2019,158891,,
A,Annuale,ITE41,Viterbo,JAN,Popolazione al 1º gennaio,9,Totale,TOTAL,Totale,99,Totale,2019,311761,,
A,Annuale,ITE42,Rieti,JAN,Popolazione al 1º gennaio,1,Maschi,TOTAL,Totale,99,Totale,2019,75885,,
A,Annuale,ITE42,Rieti,JAN,Popolazione al 1º gennaio,2,Femmine,TOTAL,Totale,99,Totale,2019,77649,,
A,Annuale,ITE42,Rieti,JAN,Popolazione al 1º gennaio,9,Totale,TOTAL,Totale,99,Totale,2019,153534,,
A,Annuale,ITE43,Roma,JAN,Popolazione al 1º gennaio,1,Maschi,TOTAL,Totale,99,Totale,2019,2043640,,
A,Annuale,ITE43,Roma,JAN,Popolazione al 1º gennaio,2,Femmine,TOTAL,Totale,99,Totale,2019,2219902,,
A,Annuale,ITE43,Roma,JAN,Popolazione al 1º gennaio,9,Totale,TOTAL,Totale,99,Totale,2019,4263542,,
A,Annuale,ITE44,Latina,JAN,Popolazione al 1º gennaio,1,Maschi,TOTAL,Totale,99,Totale,2019,278505,,
A,Annuale,ITE44,Latina,JAN,Popolazione al 1º gennaio,2,Femmine,TOTAL,Totale,99,Totale,2019,284766,,
A,Annuale,ITE44,Latina,JAN,Popolazione al 1º gennaio,9,Totale,TOTAL,Totale,99,Totale,2019,563271,,
A,Annuale,ITE45,Frosinone,JAN,Popolazione al 1º gennaio,1,Maschi,TOTAL,Totale,99,Totale,2019,236640,,
A,Annuale,ITE45,Frosinone,JAN,Popolazione al 1º gennaio,2,Femmine,TOTAL,Totale,99,Totale,2019,244328,,
A,Annuale,ITE45,Frosinone,JAN,Popolazione al 1º gennaio,9,Totale,TOTAL,Totale,99,Totale,2019,480968,,
A,Annuale,ITFG,Mezzogiorno,JAN,Popolazione al 1º gennaio,1,Maschi,TOTAL,Totale,99,Totale,2019,9916359,,
A,Annuale,ITFG,Mezzogiorno,JAN,Popolazione al 1º gennaio,2,Femmine,TOTAL,Totale,99,Totale,2019,10405308,,
A,Annuale,ITFG,Mezzogiorno,JAN,Popolazione al 1º gennaio,9,Totale,TOTAL,Totale,99,Totale,2019,20321667,,
A,Annuale,ITF,Sud,JAN,Popolazione al 1º gennaio,1,Maschi,TOTAL,Totale,99,Totale,2019,6731354,,
A,Annuale,ITF,Sud,JAN,Popolazione al 1º gennaio,2,Femmine,TOTAL,Totale,99,Totale,2019,7059508,,
A,Annuale,ITF,Sud,JAN,Popolazione al 1º gennaio,9,Totale,TOTAL,Totale,99,Totale,2019,13790862,,
A,Annuale,ITF1,Abruzzo,JAN,Popolazione al 1º gennaio,1,Maschi,TOTAL,Totale,99,Totale,2019,635061,,
A,Annuale,ITF1,Abruzzo,JAN,Popolazione al 1º gennaio,2,Femmine,TOTAL,Totale,99,Totale,2019,665584,,
A,Annuale,ITF1,Abruzzo,JAN,Popolazione al 1º gennaio,9,Totale,TOTAL,Totale,99,Totale,2019,1300645,,
A,Annuale,ITF11,'L"'Aquila',JAN,Popolazione al 1º gennaio,1,Maschi,TOTAL,Totale,99,Totale,2019,147031,,
A,Annuale,ITF11,'L"'Aquila',JAN,Popolazione al 1º gennaio,2,Femmine,TOTAL,Totale,99,Totale,2019,150282,,
A,Annuale,ITF11,'L"'Aquila',JAN,Popolazione al 1º gennaio,9,Totale,TOTAL,Totale,99,Totale,2019,297313,,
A,Annuale,ITF12,Teramo,JAN,Popolazione al 1º gennaio,1,Maschi,TOTAL,Totale,99,Totale,2019,149439,,
A,Annuale,ITF12,Teramo,JAN,Popolazione al 1º gennaio,2,Femmine,TOTAL,Totale,99,Totale,2019,155852,,
A,Annuale,ITF12,Teramo,JAN,Popolazione al 1º gennaio,9,Totale,TOTAL,Totale,99,Totale,2019,305291,,
A,Annuale,ITF13,Pescara,JAN,Popolazione al 1º gennaio,1,Maschi,TOTAL,Totale,99,Totale,2019,153039,,
A,Annuale,ITF13,Pescara,JAN,Popolazione al 1º gennaio,2,Femmine,TOTAL,Totale,99,Totale,2019,164327,,
A,Annuale,ITF13,Pescara,JAN,Popolazione al 1º gennaio,9,Totale,TOTAL,Totale,99,Totale,2019,317366,,
A,Annuale,ITF14,Chieti,JAN,Popolazione al 1º gennaio,1,Maschi,TOTAL,Totale,99,Totale,2019,185552,,
A,Annuale,ITF14,Chieti,JAN,Popolazione al 1º gennaio,2,Femmine,TOTAL,Totale,99,Totale,2019,195123,,
A,Annuale,ITF14,Chieti,JAN,Popolazione al 1º gennaio,9,Totale,TOTAL,Totale,99,Totale,2019,380675,,
A,Annuale,ITF2,Molise,JAN,Popolazione al 1º gennaio,1,Maschi,TOTAL,Totale,99,Totale,2019,149761,,
A,Annuale,ITF2,Molise,JAN,Popolazione al 1º gennaio,2,Femmine,TOTAL,Totale,99,Totale,2019,154029,,
A,Annuale,ITF2,Molise,JAN,Popolazione al 1º gennaio,9,Totale,TOTAL,Totale,99,Totale,2019,303790,,
A,Annuale,ITF22,Campobasso,JAN,Popolazione al 1º gennaio,1,Maschi,TOTAL,Totale,99,Totale,2019,108047,,
A,Annuale,ITF22,Campobasso,JAN,Popolazione al 1º gennaio,2,Femmine,TOTAL,Totale,99,Totale,2019,111716,,
A,Annuale,ITF22,Campobasso,JAN,Popolazione al 1º gennaio,9,Totale,TOTAL,Totale,99,Totale,2019,219763,,
A,Annuale,ITF21,Isernia,JAN,Popolazione al 1º gennaio,1,Maschi,TOTAL,Totale,99,Totale,2019,41714,,
A,Annuale,ITF21,Isernia,JAN,Popolazione al 1º gennaio,2,Femmine,TOTAL,Totale,99,Totale,2019,42313,,
A,Annuale,ITF21,Isernia,JAN,Popolazione al 1º gennaio,9,Totale,TOTAL,Totale,99,Totale,2019,84027,,
A,Annuale,ITF3,Campania,JAN,Popolazione al 1º gennaio,1,Maschi,TOTAL,Totale,99,Totale,2019,2799558,,
A,Annuale,ITF3,Campania,JAN,Popolazione al 1º gennaio,2,Femmine,TOTAL,Totale,99,Totale,2019,2940733,,
A,Annuale,ITF3,Campania,JAN,Popolazione al 1º gennaio,9,Totale,TOTAL,Totale,99,Totale,2019,5740291,,
A,Annuale,ITF31,Caserta,JAN,Popolazione al 1º gennaio,1,Maschi,TOTAL,Totale,99,Totale,2019,448369,,
A,Annuale,ITF31,Caserta,JAN,Popolazione al 1º gennaio,2,Femmine,TOTAL,Totale,99,Totale,2019,467180,,
A,Annuale,ITF31,Caserta,JAN,Popolazione al 1º gennaio,9,Totale,TOTAL,Totale,99,Totale,2019,915549,,
A,Annuale,ITF32,Benevento,JAN,Popolazione al 1º gennaio,1,Maschi,TOTAL,Totale,99,Totale,2019,135141,,
A,Annuale,ITF32,Benevento,JAN,Popolazione al 1º gennaio,2,Femmine,TOTAL,Totale,99,Totale,2019,140243,,
A,Annuale,ITF32,Benevento,JAN,Popolazione al 1º gennaio,9,Totale,TOTAL,Totale,99,Totale,2019,275384,,
A,Annuale,ITF33,Napoli,JAN,Popolazione al 1º gennaio,1,Maschi,TOTAL,Totale,99,Totale,2019,1480366,,
A,Annuale,ITF33,Napoli,JAN,Popolazione al 1º gennaio,2,Femmine,TOTAL,Totale,99,Totale,2019,1567828,,
A,Annuale,ITF33,Napoli,JAN,Popolazione al 1º gennaio,9,Totale,TOTAL,Totale,99,Totale,2019,3048194,,
A,Annuale,ITF34,Avellino,JAN,Popolazione al 1º gennaio,1,Maschi,TOTAL,Totale,99,Totale,2019,203556,,
A,Annuale,ITF34,Avellino,JAN,Popolazione al 1º gennaio,2,Femmine,TOTAL,Totale,99,Totale,2019,210553,,
A,Annuale,ITF34,Avellino,JAN,Popolazione al 1º gennaio,9,Totale,TOTAL,Totale,99,Totale,2019,414109,,
A,Annuale,ITF35,Salerno,JAN,Popolazione al 1º gennaio,1,Maschi,TOTAL,Totale,99,Totale,2019,532126,,
A,Annuale,ITF35,Salerno,JAN,Popolazione al 1º gennaio,2,Femmine,TOTAL,Totale,99,Totale,2019,554929,,
A,Annuale,ITF35,Salerno,JAN,Popolazione al 1º gennaio,9,Totale,TOTAL,Totale,99,Totale,2019,1087055,,
A,Annuale,ITF4,Puglia,JAN,Popolazione al 1º gennaio,1,Maschi,TOTAL,Totale,99,Totale,2019,1934344,,
A,Annuale,ITF4,Puglia,JAN,Popolazione al 1º gennaio,2,Femmine,TOTAL,Totale,99,Totale,2019,2041184,,
A,Annuale,ITF4,Puglia,JAN,Popolazione al 1º gennaio,9,Totale,TOTAL,Totale,99,Totale,2019,3975528,,
A,Annuale,ITF41,Foggia,JAN,Popolazione al 1º gennaio,1,Maschi,TOTAL,Totale,99,Totale,2019,299894,,
A,Annuale,ITF41,Foggia,JAN,Popolazione al 1º gennaio,2,Femmine,TOTAL,Totale,99,Totale,2019,311624,,
A,Annuale,ITF41,Foggia,JAN,Popolazione al 1º gennaio,9,Totale,TOTAL,Totale,99,Totale,2019,611518,,
A,Annuale,ITF42,Bari,JAN,Popolazione al 1º gennaio,1,Maschi,TOTAL,Totale,99,Totale,2019,602685,,
A,Annuale,ITF42,Bari,JAN,Popolazione al 1º gennaio,2,Femmine,TOTAL,Totale,99,Totale,2019,632312,,
A,Annuale,ITF42,Bari,JAN,Popolazione al 1º gennaio,9,Totale,TOTAL,Totale,99,Totale,2019,1234997,,
A,Annuale,ITF43,Taranto,JAN,Popolazione al 1º gennaio,1,Maschi,TOTAL,Totale,99,Totale,2019,275624,,
A,Annuale,ITF43,Taranto,JAN,Popolazione al 1º gennaio,2,Femmine,TOTAL,Totale,99,Totale,2019,292634,,
A,Annuale,ITF43,Taranto,JAN,Popolazione al 1º gennaio,9,Totale,TOTAL,Totale,99,Totale,2019,568258,,
A,Annuale,ITF44,Brindisi,JAN,Popolazione al 1º gennaio,1,Maschi,TOTAL,Totale,99,Totale,2019,187520,,
A,Annuale,ITF44,Brindisi,JAN,Popolazione al 1º gennaio,2,Femmine,TOTAL,Totale,99,Totale,2019,200297,,
A,Annuale,ITF44,Brindisi,JAN,Popolazione al 1º gennaio,9,Totale,TOTAL,Totale,99,Totale,2019,387817,,
A,Annuale,ITF45,Lecce,JAN,Popolazione al 1º gennaio,1,Maschi,TOTAL,Totale,99,Totale,2019,377434,,
A,Annuale,ITF45,Lecce,JAN,Popolazione al 1º gennaio,2,Femmine,TOTAL,Totale,99,Totale,2019,408974,,
A,Annuale,ITF45,Lecce,JAN,Popolazione al 1º gennaio,9,Totale,TOTAL,Totale,99,Totale,2019,786408,,
A,Annuale,IT110,Barletta-Andria-Trani,JAN,Popolazione al 1º gennaio,1,Maschi,TOTAL,Totale,99,Totale,2019,191187,,
A,Annuale,IT110,Barletta-Andria-Trani,JAN,Popolazione al 1º gennaio,2,Femmine,TOTAL,Totale,99,Totale,2019,195343,,
A,Annuale,IT110,Barletta-Andria-Trani,JAN,Popolazione al 1º gennaio,9,Totale,TOTAL,Totale,99,Totale,2019,386530,,
A,Annuale,ITF5,Basilicata,JAN,Popolazione al 1º gennaio,1,Maschi,TOTAL,Totale,99,Totale,2019,274697,,
A,Annuale,ITF5,Basilicata,JAN,Popolazione al 1º gennaio,2,Femmine,TOTAL,Totale,99,Totale,2019,283890,,
A,Annuale,ITF5,Basilicata,JAN,Popolazione al 1º gennaio,9,Totale,TOTAL,Totale,99,Totale,2019,558587,,
A,Annuale,ITF51,Potenza,JAN,Popolazione al 1º gennaio,1,Maschi,TOTAL,Totale,99,Totale,2019,178179,,
A,Annuale,ITF51,Potenza,JAN,Popolazione al 1º gennaio,2,Femmine,TOTAL,Totale,99,Totale,2019,184273,,
A,Annuale,ITF51,Potenza,JAN,Popolazione al 1º gennaio,9,Totale,TOTAL,Totale,99,Totale,2019,362452,,
A,Annuale,ITF52,Matera,JAN,Popolazione al 1º gennaio,1,Maschi,TOTAL,Totale,99,Totale,2019,96518,,
A,Annuale,ITF52,Matera,JAN,Popolazione al 1º gennaio,2,Femmine,TOTAL,Totale,99,Totale,2019,99617,,
A,Annuale,ITF52,Matera,JAN,Popolazione al 1º gennaio,9,Totale,TOTAL,Totale,99,Totale,2019,196135,,
A,Annuale,ITF6,Calabria,JAN,Popolazione al 1º gennaio,1,Maschi,TOTAL,Totale,99,Totale,2019,937933,,
A,Annuale,ITF6,Calabria,JAN,Popolazione al 1º gennaio,2,Femmine,TOTAL,Totale,99,Totale,2019,974088,,
A,Annuale,ITF6,Calabria,JAN,Popolazione al 1º gennaio,9,Totale,TOTAL,Totale,99,Totale,2019,1912021,,
A,Annuale,ITF61,Cosenza,JAN,Popolazione al 1º gennaio,1,Maschi,TOTAL,Totale,99,Totale,2019,340734,,
A,Annuale,ITF61,Cosenza,JAN,Popolazione al 1º gennaio,2,Femmine,TOTAL,Totale,99,Totale,2019,354871,,
A,Annuale,ITF61,Cosenza,JAN,Popolazione al 1º gennaio,9,Totale,TOTAL,Totale,99,Totale,2019,695605,,
A,Annuale,ITF63,Catanzaro,JAN,Popolazione al 1º gennaio,1,Maschi,TOTAL,Totale,99,Totale,2019,171704,,
A,Annuale,ITF63,Catanzaro,JAN,Popolazione al 1º gennaio,2,Femmine,TOTAL,Totale,99,Totale,2019,180361,,
A,Annuale,ITF63,Catanzaro,JAN,Popolazione al 1º gennaio,9,Totale,TOTAL,Totale,99,Totale,2019,352065,,
A,Annuale,ITF65,Reggio di Calabria,JAN,Popolazione al 1º gennaio,1,Maschi,TOTAL,Totale,99,Totale,2019,261755,,
A,Annuale,ITF65,Reggio di Calabria,JAN,Popolazione al 1º gennaio,2,Femmine,TOTAL,Totale,99,Totale,2019,274732,,
A,Annuale,ITF65,Reggio di Calabria,JAN,Popolazione al 1º gennaio,9,Totale,TOTAL,Totale,99,Totale,2019,536487,,
A,Annuale,ITF62,Crotone,JAN,Popolazione al 1º gennaio,1,Maschi,TOTAL,Totale,99,Totale,2019,86226,,
A,Annuale,ITF62,Crotone,JAN,Popolazione al 1º gennaio,2,Femmine,TOTAL,Totale,99,Totale,2019,85260,,
A,Annuale,ITF62,Crotone,JAN,Popolazione al 1º gennaio,9,Totale,TOTAL,Totale,99,Totale,2019,171486,,
A,Annuale,ITF64,Vibo Valentia,JAN,Popolazione al 1º gennaio,1,Maschi,TOTAL,Totale,99,Totale,2019,77514,,
A,Annuale,ITF64,Vibo Valentia,JAN,Popolazione al 1º gennaio,2,Femmine,TOTAL,Totale,99,Totale,2019,78864,,
A,Annuale,ITF64,Vibo Valentia,JAN,Popolazione al 1º gennaio,9,Totale,TOTAL,Totale,99,Totale,2019,156378,,
A,Annuale,ITG,Isole,JAN,Popolazione al 1º gennaio,1,Maschi,TOTAL,Totale,99,Totale,2019,3185005,,
A,Annuale,ITG,Isole,JAN,Popolazione al 1º gennaio,2,Femmine,TOTAL,Totale,99,Totale,2019,3345800,,
A,Annuale,ITG,Isole,JAN,Popolazione al 1º gennaio,9,Totale,TOTAL,Totale,99,Totale,2019,6530805,,
A,Annuale,ITG1,Sicilia,JAN,Popolazione al 1º gennaio,1,Maschi,TOTAL,Totale,99,Totale,2019,2387653,,
A,Annuale,ITG1,Sicilia,JAN,Popolazione al 1º gennaio,2,Femmine,TOTAL,Totale,99,Totale,2019,2520895,,
A,Annuale,ITG1,Sicilia,JAN,Popolazione al 1º gennaio,9,Totale,TOTAL,Totale,99,Totale,2019,4908548,,
A,Annuale,ITG11,Trapani,JAN,Popolazione al 1º gennaio,1,Maschi,TOTAL,Totale,99,Totale,2019,208114,,
A,Annuale,ITG11,Trapani,JAN,Popolazione al 1º gennaio,2,Femmine,TOTAL,Totale,99,Totale,2019,215925,,
A,Annuale,ITG11,Trapani,JAN,Popolazione al 1º gennaio,9,Totale,TOTAL,Totale,99,Totale,2019,424039,,
A,Annuale,ITG12,Palermo,JAN,Popolazione al 1º gennaio,1,Maschi,TOTAL,Totale,99,Totale,2019,595789,,
A,Annuale,ITG12,Palermo,JAN,Popolazione al 1º gennaio,2,Femmine,TOTAL,Totale,99,Totale,2019,635813,,
A,Annuale,ITG12,Palermo,JAN,Popolazione al 1º gennaio,9,Totale,TOTAL,Totale,99,Totale,2019,1231602,,
A,Annuale,ITG13,Messina,JAN,Popolazione al 1º gennaio,1,Maschi,TOTAL,Totale,99,Totale,2019,298553,,
A,Annuale,ITG13,Messina,JAN,Popolazione al 1º gennaio,2,Femmine,TOTAL,Totale,99,Totale,2019,320160,,
A,Annuale,ITG13,Messina,JAN,Popolazione al 1º gennaio,9,Totale,TOTAL,Totale,99,Totale,2019,618713,,
A,Annuale,ITG14,Agrigento,JAN,Popolazione al 1º gennaio,1,Maschi,TOTAL,Totale,99,Totale,2019,208325,,
A,Annuale,ITG14,Agrigento,JAN,Popolazione al 1º gennaio,2,Femmine,TOTAL,Totale,99,Totale,2019,219678,,
A,Annuale,ITG14,Agrigento,JAN,Popolazione al 1º gennaio,9,Totale,TOTAL,Totale,99,Totale,2019,428003,,
A,Annuale,ITG15,Caltanissetta,JAN,Popolazione al 1º gennaio,1,Maschi,TOTAL,Totale,99,Totale,2019,125832,,
A,Annuale,ITG15,Caltanissetta,JAN,Popolazione al 1º gennaio,2,Femmine,TOTAL,Totale,99,Totale,2019,133754,,
A,Annuale,ITG15,Caltanissetta,JAN,Popolazione al 1º gennaio,9,Totale,TOTAL,Totale,99,Totale,2019,259586,,
A,Annuale,ITG16,Enna,JAN,Popolazione al 1º gennaio,1,Maschi,TOTAL,Totale,99,Totale,2019,78685,,
A,Annuale,ITG16,Enna,JAN,Popolazione al 1º gennaio,2,Femmine,TOTAL,Totale,99,Totale,2019,83686,,
A,Annuale,ITG16,Enna,JAN,Popolazione al 1º gennaio,9,Totale,TOTAL,Totale,99,Totale,2019,162371,,
A,Annuale,ITG17,Catania,JAN,Popolazione al 1º gennaio,1,Maschi,TOTAL,Totale,99,Totale,2019,523032,,
A,Annuale,ITG17,Catania,JAN,Popolazione al 1º gennaio,2,Femmine,TOTAL,Totale,99,Totale,2019,554238,,
A,Annuale,ITG17,Catania,JAN,Popolazione al 1º gennaio,9,Totale,TOTAL,Totale,99,Totale,2019,1077270,,
A,Annuale,ITG18,Ragusa,JAN,Popolazione al 1º gennaio,1,Maschi,TOTAL,Totale,99,Totale,2019,156369,,
A,Annuale,ITG18,Ragusa,JAN,Popolazione al 1º gennaio,2,Femmine,TOTAL,Totale,99,Totale,2019,159195,,
A,Annuale,ITG18,Ragusa,JAN,Popolazione al 1º gennaio,9,Totale,TOTAL,Totale,99,Totale,2019,315564,,
A,Annuale,ITG19,Siracusa,JAN,Popolazione al 1º gennaio,1,Maschi,TOTAL,Totale,99,Totale,2019,192954,,
A,Annuale,ITG19,Siracusa,JAN,Popolazione al 1º gennaio,2,Femmine,TOTAL,Totale,99,Totale,2019,198446,,
A,Annuale,ITG19,Siracusa,JAN,Popolazione al 1º gennaio,9,Totale,TOTAL,Totale,99,Totale,2019,391400,,
A,Annuale,ITG2,Sardegna,JAN,Popolazione al 1º gennaio,1,Maschi,TOTAL,Totale,99,Totale,2019,797352,,
A,Annuale,ITG2,Sardegna,JAN,Popolazione al 1º gennaio,2,Femmine,TOTAL,Totale,99,Totale,2019,824905,,
A,Annuale,ITG2,Sardegna,JAN,Popolazione al 1º gennaio,9,Totale,TOTAL,Totale,99,Totale,2019,1622257,,
A,Annuale,ITG25,Sassari,JAN,Popolazione al 1º gennaio,1,Maschi,TOTAL,Totale,99,Totale,2019,239919,,
A,Annuale,ITG25,Sassari,JAN,Popolazione al 1º gennaio,2,Femmine,TOTAL,Totale,99,Totale,2019,246770,,
A,Annuale,ITG25,Sassari,JAN,Popolazione al 1º gennaio,9,Totale,TOTAL,Totale,99,Totale,2019,486689,,
A,Annuale,ITG26,Nuoro,JAN,Popolazione al 1º gennaio,1,Maschi,TOTAL,Totale,99,Totale,2019,102151,,
A,Annuale,ITG26,Nuoro,JAN,Popolazione al 1º gennaio,2,Femmine,TOTAL,Totale,99,Totale,2019,104957,,
A,Annuale,ITG26,Nuoro,JAN,Popolazione al 1º gennaio,9,Totale,TOTAL,Totale,99,Totale,2019,207108,,
A,Annuale,ITG27,Cagliari,JAN,Popolazione al 1º gennaio,1,Maschi,TOTAL,Totale,99,Totale,2019,205465,,
A,Annuale,ITG27,Cagliari,JAN,Popolazione al 1º gennaio,2,Femmine,TOTAL,Totale,99,Totale,2019,218640,,
A,Annuale,ITG27,Cagliari,JAN,Popolazione al 1º gennaio,9,Totale,TOTAL,Totale,99,Totale,2019,424105,,
A,Annuale,ITG28,Oristano,JAN,Popolazione al 1º gennaio,1,Maschi,TOTAL,Totale,99,Totale,2019,77220,,
A,Annuale,ITG28,Oristano,JAN,Popolazione al 1º gennaio,2,Femmine,TOTAL,Totale,99,Totale,2019,79403,,
A,Annuale,ITG28,Oristano,JAN,Popolazione al 1º gennaio,9,Totale,TOTAL,Totale,99,Totale,2019,156623,,
A,Annuale,IT111,Sud Sardegna,JAN,Popolazione al 1º gennaio,1,Maschi,TOTAL,Totale,99,Totale,2019,172597,,
A,Annuale,IT111,Sud Sardegna,JAN,Popolazione al 1º gennaio,2,Femmine,TOTAL,Totale,99,Totale,2019,175135,,
A,Annuale,IT111,Sud Sardegna,JAN,Popolazione al 1º gennaio,9,Totale,TOTAL,Totale,99,Totale,2019,347732,,
