year,region,sex,population
2019,Italia,Maschi,29131195
2019,Italia,Femmine,30685478
2019,Italia,Totale,59816673
2019,Nord,Maschi,13478726
2019,Nord,Femmine,14147796
2019,Nord,Totale,27626522
2019,Nord-ovest,Maschi,7800239
2019,Nord-ovest,Femmine,8197792
2019,Nord-ovest,Totale,15998031
2019,Piemonte,Maschi,2103024
2019,Piemonte,Femmine,2225541
2019,Piemonte,Totale,4328565
2019,Torino,Maschi,1083154
2019,Torino,Femmine,1155509
2019,Torino,Totale,2238663
2019,Vercelli,Maschi,82721
2019,Vercelli,Femmine,87772
2019,Vercelli,Totale,170493
2019,Novara,Maschi,178009
2019,Novara,Femmine,187764
2019,Novara,Totale,365773
2019,Cuneo,Maschi,289728
2019,Cuneo,Femmine,297485
2019,Cuneo,Totale,587213
2019,Asti,Maschi,104575
2019,Asti,Femmine,108929
2019,Asti,Totale,213504
2019,Alessandria,Maschi,204210
2019,Alessandria,Femmine,216090
2019,Alessandria,Totale,420300
2019,Biella,Maschi,84295
2019,Biella,Femmine,91046
2019,Biella,Totale,175341
2019,Verbano-Cusio-Ossola,Maschi,76332
2019,Verbano-Cusio-Ossola,Femmine,80946
2019,Verbano-Cusio-Ossola,Totale,157278
2019,"Valle d'Aosta",Maschi,61471
2019,"Valle d'Aosta",Femmine,64182
2019,"Valle d'Aosta",Totale,125653
2019,"Valle d'Aosta",Maschi,61471
2019,"Valle d'Aosta",Femmine,64182
2019,"Valle d'Aosta",Totale,125653
2019,Liguria,Maschi,733543
2019,Liguria,Femmine,799437
2019,Liguria,Totale,1532980
2019,Imperia,Maschi,101342
2019,Imperia,Femmine,108640
2019,Imperia,Totale,209982
2019,Savona,Maschi,131319
2019,Savona,Femmine,142413
2019,Savona,Totale,273732
2019,Genova,Maschi,395552
2019,Genova,Femmine,435620
2019,Genova,Totale,831172
2019,La Spezia,Maschi,105330
2019,La Spezia,Femmine,112764
2019,La Spezia,Totale,218094
2019,Lombardia,Maschi,4902201
2019,Lombardia,Femmine,5108632
2019,Lombardia,Totale,10010833
2019,Varese,Maschi,431187
2019,Varese,Femmine,453898
2019,Varese,Totale,885085
2019,Como,Maschi,293627
2019,Como,Femmine,304180
2019,Como,Totale,597807
2019,Sondrio,Maschi,88718
2019,Sondrio,Femmine,91962
2019,Sondrio,Totale,180680
2019,Milano,Maschi,1576705
2019,Milano,Femmine,1673372
2019,Milano,Totale,3250077
2019,Bergamo,Maschi,549430
2019,Bergamo,Femmine,557729
2019,Bergamo,Totale,1107159
2019,Brescia,Maschi,618924
2019,Brescia,Femmine,635495
2019,Brescia,Totale,1254419
2019,Pavia,Maschi,264859
2019,Pavia,Femmine,276858
2019,Pavia,Totale,541717
2019,Cremona,Maschi,175540
2019,Cremona,Femmine,180610
2019,Cremona,Totale,356150
2019,Mantova,Maschi,200525
2019,Mantova,Femmine,207326
2019,Mantova,Totale,407851
2019,Lecco,Maschi,165523
2019,Lecco,Femmine,170031
2019,Lecco,Totale,335554
2019,Lodi,Maschi,112069
2019,Lodi,Femmine,114880
2019,Lodi,Totale,226949
2019,Monza e della Brianza,Maschi,425094
2019,Monza e della Brianza,Femmine,442291
2019,Monza e della Brianza,Totale,867385
2019,Nord-est,Maschi,5678487
2019,Nord-est,Femmine,5950004
2019,Nord-est,Totale,11628491
2019,Trentino-Alto Adige,Maschi,529279
2019,Trentino-Alto Adige,Femmine,544755
2019,Trentino-Alto Adige,Totale,1074034
2019,Provincia Autonoma Bolzano / Bozen,Maschi,262371
2019,Provincia Autonoma Bolzano / Bozen,Femmine,267942
2019,Provincia Autonoma Bolzano / Bozen,Totale,530313
2019,Bolzano / Bozen,Maschi,262371
2019,Bolzano / Bozen,Femmine,267942
2019,Bolzano / Bozen,Totale,530313
2019,Provincia Autonoma Trento,Maschi,266908
2019,Provincia Autonoma Trento,Femmine,276813
2019,Provincia Autonoma Trento,Totale,543721
2019,Trento,Maschi,266908
2019,Trento,Femmine,276813
2019,Trento,Totale,543721
2019,Veneto,Maschi,2390898
2019,Veneto,Femmine,2493692
2019,Veneto,Totale,4884590
2019,Verona,Maschi,452596
2019,Verona,Femmine,470261
2019,Verona,Totale,922857
2019,Vicenza,Maschi,422477
2019,Vicenza,Femmine,434462
2019,Vicenza,Totale,856939
2019,Belluno,Maschi,98284
2019,Belluno,Femmine,103985
2019,Belluno,Totale,202269
2019,Treviso,Maschi,435045
2019,Treviso,Femmine,449128
2019,Treviso,Totale,884173
2019,Venezia,Maschi,413168
2019,Venezia,Femmine,437889
2019,Venezia,Totale,851057
2019,Padova,Maschi,455794
2019,Padova,Femmine,478073
2019,Padova,Totale,933867
2019,Rovigo,Maschi,113534
2019,Rovigo,Femmine,119894
2019,Rovigo,Totale,233428
2019,Friuli Venezia Giulia,Maschi,588663
2019,Friuli Venezia Giulia,Femmine,621751
2019,Friuli Venezia Giulia,Totale,1210414
2019,Udine,Maschi,256578
2019,Udine,Femmine,272652
2019,Udine,Totale,529230
2019,Gorizia,Maschi,67922
2019,Gorizia,Femmine,70221
2019,Gorizia,Totale,138143
2019,Trieste,Maschi,111530
2019,Trieste,Femmine,120875
2019,Trieste,Totale,232405
2019,Pordenone,Maschi,152633
2019,Pordenone,Femmine,158003
2019,Pordenone,Totale,310636
2019,Emilia-Romagna,Maschi,2169647
2019,Emilia-Romagna,Femmine,2289806
2019,Emilia-Romagna,Totale,4459453
2019,Piacenza,Maschi,140181
2019,Piacenza,Femmine,146084
2019,Piacenza,Totale,286265
2019,Parma,Maschi,220998
2019,Parma,Femmine,231507
2019,Parma,Totale,452505
2019,"'Reggio nell""'Emilia'",Maschi,260735
2019,"'Reggio nell""'Emilia'",Femmine,269197
2019,"'Reggio nell""'Emilia'",Totale,529932
2019,Modena,Maschi,346204
2019,Modena,Femmine,360553
2019,Modena,Totale,706757
2019,Bologna,Maschi,490811
2019,Bologna,Femmine,526740
2019,Bologna,Totale,1017551
2019,Ferrara,Maschi,166174
2019,Ferrara,Femmine,179364
2019,Ferrara,Totale,345538
2019,Ravenna,Maschi,189246
2019,Ravenna,Femmine,199667
2019,Ravenna,Totale,388913
2019,Forlì-Cesena,Maschi,192526
2019,Forlì-Cesena,Femmine,202912
2019,Forlì-Cesena,Totale,395438
2019,Rimini,Maschi,162772
2019,Rimini,Femmine,173782
2019,Rimini,Totale,336554
2019,Centro,Maschi,5736110
2019,Centro,Femmine,6132374
2019,Centro,Totale,11868484
2019,Toscana,Maschi,1788031
2019,Toscana,Femmine,1913312
2019,Toscana,Totale,3701343
2019,Massa-Carrara,Maschi,93221
2019,Massa-Carrara,Femmine,99614
2019,Massa-Carrara,Totale,192835
2019,Lucca,Maschi,185344
2019,Lucca,Femmine,198133
2019,Lucca,Totale,383477
2019,Pistoia,Maschi,140623
2019,Pistoia,Femmine,150790
2019,Pistoia,Totale,291413
2019,Firenze,Maschi,479118
2019,Firenze,Femmine,519858
2019,Firenze,Totale,998976
2019,Livorno,Maschi,160455
2019,Livorno,Femmine,172432
2019,Livorno,Totale,332887
2019,Pisa,Maschi,203666
2019,Pisa,Femmine,214634
2019,Pisa,Totale,418300
2019,Arezzo,Maschi,165895
2019,Arezzo,Femmine,174454
2019,Arezzo,Totale,340349
2019,Siena,Maschi,128176
2019,Siena,Femmine,137857
2019,Siena,Totale,266033
2019,Grosseto,Maschi,106565
2019,Grosseto,Femmine,113974
2019,Grosseto,Totale,220539
2019,Prato,Maschi,124968
2019,Prato,Femmine,131566
2019,Prato,Totale,256534
2019,Umbria,Maschi,421451
2019,Umbria,Femmine,452293
2019,Umbria,Totale,873744
2019,Perugia,Maschi,313631
2019,Perugia,Femmine,335198
2019,Perugia,Totale,648829
2019,Terni,Maschi,107820
2019,Terni,Femmine,117095
2019,Terni,Totale,224915
2019,Marche,Maschi,739088
2019,Marche,Femmine,781233
2019,Marche,Totale,1520321
2019,Pesaro e Urbino,Maschi,174947
2019,Pesaro e Urbino,Femmine,183196
2019,Pesaro e Urbino,Totale,358143
2019,Ancona,Maschi,227133
2019,Ancona,Femmine,242033
2019,Ancona,Totale,469166
2019,Macerata,Maschi,152188
2019,Macerata,Femmine,160834
2019,Macerata,Totale,313022
2019,Ascoli Piceno,Maschi,100496
2019,Ascoli Piceno,Femmine,106813
2019,Ascoli Piceno,Totale,207309
2019,Fermo,Maschi,84324
2019,Fermo,Femmine,88357
2019,Fermo,Totale,172681
2019,Lazio,Maschi,2787540
2019,Lazio,Femmine,2985536
2019,Lazio,Totale,5773076
2019,Viterbo,Maschi,152870
2019,Viterbo,Femmine,158891
2019,Viterbo,Totale,311761
2019,Rieti,Maschi,75885
2019,Rieti,Femmine,77649
2019,Rieti,Totale,153534
2019,Roma,Maschi,2043640
2019,Roma,Femmine,2219902
2019,Roma,Totale,4263542
2019,Latina,Maschi,278505
2019,Latina,Femmine,284766
2019,Latina,Totale,563271
2019,Frosinone,Maschi,236640
2019,Frosinone,Femmine,244328
2019,Frosinone,Totale,480968
2019,Mezzogiorno,Maschi,9916359
2019,Mezzogiorno,Femmine,10405308
2019,Mezzogiorno,Totale,20321667
2019,Sud,Maschi,6731354
2019,Sud,Femmine,7059508
2019,Sud,Totale,13790862
2019,Abruzzo,Maschi,635061
2019,Abruzzo,Femmine,665584
2019,Abruzzo,Totale,1300645
2019,"'L""'Aquila'",Maschi,147031
2019,"'L""'Aquila'",Femmine,150282
2019,"'L""'Aquila'",Totale,297313
2019,Teramo,Maschi,149439
2019,Teramo,Femmine,155852
2019,Teramo,Totale,305291
2019,Pescara,Maschi,153039
2019,Pescara,Femmine,164327
2019,Pescara,Totale,317366
2019,Chieti,Maschi,185552
2019,Chieti,Femmine,195123
2019,Chieti,Totale,380675
2019,Molise,Maschi,149761
2019,Molise,Femmine,154029
2019,Molise,Totale,303790
2019,Campobasso,Maschi,108047
2019,Campobasso,Femmine,111716
2019,Campobasso,Totale,219763
2019,Isernia,Maschi,41714
2019,Isernia,Femmine,42313
2019,Isernia,Totale,84027
2019,Campania,Maschi,2799558
2019,Campania,Femmine,2940733
2019,Campania,Totale,5740291
2019,Caserta,Maschi,448369
2019,Caserta,Femmine,467180
2019,Caserta,Totale,915549
2019,Benevento,Maschi,135141
2019,Benevento,Femmine,140243
2019,Benevento,Totale,275384
2019,Napoli,Maschi,1480366
2019,Napoli,Femmine,1567828
2019,Napoli,Totale,3048194
2019,Avellino,Maschi,203556
2019,Avellino,Femmine,210553
2019,Avellino,Totale,414109
2019,Salerno,Maschi,532126
2019,Salerno,Femmine,554929
2019,Salerno,Totale,1087055
2019,Puglia,Maschi,1934344
2019,Puglia,Femmine,2041184
2019,Puglia,Totale,3975528
2019,Foggia,Maschi,299894
2019,Foggia,Femmine,311624
2019,Foggia,Totale,611518
2019,Bari,Maschi,602685
2019,Bari,Femmine,632312
2019,Bari,Totale,1234997
2019,Taranto,Maschi,275624
2019,Taranto,Femmine,292634
2019,Taranto,Totale,568258
2019,Brindisi,Maschi,187520
2019,Brindisi,Femmine,200297
2019,Brindisi,Totale,387817
2019,Lecce,Maschi,377434
2019,Lecce,Femmine,408974
2019,Lecce,Totale,786408
2019,Barletta-Andria-Trani,Maschi,191187
2019,Barletta-Andria-Trani,Femmine,195343
2019,Barletta-Andria-Trani,Totale,386530
2019,Basilicata,Maschi,274697
2019,Basilicata,Femmine,283890
2019,Basilicata,Totale,558587
2019,Potenza,Maschi,178179
2019,Potenza,Femmine,184273
2019,Potenza,Totale,362452
2019,Matera,Maschi,96518
2019,Matera,Femmine,99617
2019,Matera,Totale,196135
2019,Calabria,Maschi,937933
2019,Calabria,Femmine,974088
2019,Calabria,Totale,1912021
2019,Cosenza,Maschi,340734
2019,Cosenza,Femmine,354871
2019,Cosenza,Totale,695605
2019,Catanzaro,Maschi,171704
2019,Catanzaro,Femmine,180361
2019,Catanzaro,Totale,352065
2019,Reggio di Calabria,Maschi,261755
2019,Reggio di Calabria,Femmine,274732
2019,Reggio di Calabria,Totale,536487
2019,Crotone,Maschi,86226
2019,Crotone,Femmine,85260
2019,Crotone,Totale,171486
2019,Vibo Valentia,Maschi,77514
2019,Vibo Valentia,Femmine,78864
2019,Vibo Valentia,Totale,156378
2019,Isole,Maschi,3185005
2019,Isole,Femmine,3345800
2019,Isole,Totale,6530805
2019,Sicilia,Maschi,2387653
2019,Sicilia,Femmine,2520895
2019,Sicilia,Totale,4908548
2019,Trapani,Maschi,208114
2019,Trapani,Femmine,215925
2019,Trapani,Totale,424039
2019,Palermo,Maschi,595789
2019,Palermo,Femmine,635813
2019,Palermo,Totale,1231602
2019,Messina,Maschi,298553
2019,Messina,Femmine,320160
2019,Messina,Totale,618713
2019,Agrigento,Maschi,208325
2019,Agrigento,Femmine,219678
2019,Agrigento,Totale,428003
2019,Caltanissetta,Maschi,125832
2019,Caltanissetta,Femmine,133754
2019,Caltanissetta,Totale,259586
2019,Enna,Maschi,78685
2019,Enna,Femmine,83686
2019,Enna,Totale,162371
2019,Catania,Maschi,523032
2019,Catania,Femmine,554238
2019,Catania,Totale,1077270
2019,Ragusa,Maschi,156369
2019,Ragusa,Femmine,159195
2019,Ragusa,Totale,315564
2019,Siracusa,Maschi,192954
2019,Siracusa,Femmine,198446
2019,Siracusa,Totale,391400
2019,Sardegna,Maschi,797352
2019,Sardegna,Femmine,824905
2019,Sardegna,Totale,1622257
2019,Sassari,Maschi,239919
2019,Sassari,Femmine,246770
2019,Sassari,Totale,486689
2019,Nuoro,Maschi,102151
2019,Nuoro,Femmine,104957
2019,Nuoro,Totale,207108
2019,Cagliari,Maschi,205465
2019,Cagliari,Femmine,218640
2019,Cagliari,Totale,424105
2019,Oristano,Maschi,77220
2019,Oristano,Femmine,79403
2019,Oristano,Totale,156623
2019,Sud Sardegna,Maschi,172597
2019,Sud Sardegna,Femmine,175135
2019,Sud Sardegna,Totale,347732
2020,Italia,Maschi,29050096
2020,Italia,Femmine,30591392
2020,Italia,Totale,59641488
2020,Nord,Maschi,13480648
2020,Nord,Femmine,14135568
2020,Nord,Totale,27616216
2020,Nord-ovest,Maschi,7798925
2020,Nord-ovest,Femmine,8189754
2020,Nord-ovest,Totale,15988679
2020,Piemonte,Maschi,2095058
2020,Piemonte,Femmine,2216159
2020,Piemonte,Totale,4311217
2020,Torino,Maschi,1079491
2020,Torino,Femmine,1151455
2020,Torino,Totale,2230946
2020,Vercelli,Maschi,82360
2020,Vercelli,Femmine,87030
2020,Vercelli,Totale,169390
2020,Novara,Maschi,177671
2020,Novara,Femmine,187309
2020,Novara,Totale,364980
2020,Cuneo,Maschi,289284
2020,Cuneo,Femmine,296829
2020,Cuneo,Totale,586113
2020,Asti,Maschi,103913
2020,Asti,Femmine,108097
2020,Asti,Totale,212010
2020,Alessandria,Maschi,202746
2020,Alessandria,Femmine,214542
2020,Alessandria,Totale,417288
2020,Biella,Maschi,83781
2020,Biella,Femmine,90389
2020,Biella,Totale,174170
2020,Verbano-Cusio-Ossola,Maschi,75812
2020,Verbano-Cusio-Ossola,Femmine,80508
2020,Verbano-Cusio-Ossola,Totale,156320
2020,"Valle d'Aosta",Maschi,61121
2020,"Valle d'Aosta",Femmine,63913
2020,"Valle d'Aosta",Totale,125034
2020,"Valle d'Aosta",Maschi,61121
2020,"Valle d'Aosta",Femmine,63913
2020,"Valle d'Aosta",Totale,125034
2020,Liguria,Maschi,730371
2020,Liguria,Femmine,794455
2020,Liguria,Totale,1524826
2020,Imperia,Maschi,101094
2020,Imperia,Femmine,108288
2020,Imperia,Totale,209382
2020,Savona,Maschi,130416
2020,Savona,Femmine,141416
2020,Savona,Totale,271832
2020,Genova,Maschi,393657
2020,Genova,Femmine,432537
2020,Genova,Totale,826194
2020,La Spezia,Maschi,105204
2020,La Spezia,Femmine,112214
2020,La Spezia,Totale,217418
2020,Lombardia,Maschi,4912375
2020,Lombardia,Femmine,5115227
2020,Lombardia,Totale,10027602
2020,Varese,Maschi,430971
2020,Varese,Femmine,453905
2020,Varese,Totale,884876
2020,Como,Maschi,293740
2020,Como,Femmine,303902
2020,Como,Totale,597642
2020,Sondrio,Maschi,88684
2020,Sondrio,Femmine,91741
2020,Sondrio,Totale,180425
2020,Milano,Maschi,1585425
2020,Milano,Femmine,1679902
2020,Milano,Totale,3265327
2020,Bergamo,Maschi,549853
2020,Bergamo,Femmine,558273
2020,Bergamo,Totale,1108126
2020,Brescia,Maschi,619811
2020,Brescia,Femmine,635626
2020,Brescia,Totale,1255437
2020,Pavia,Maschi,264325
2020,Pavia,Femmine,276051
2020,Pavia,Totale,540376
2020,Cremona,Maschi,175602
2020,Cremona,Femmine,180306
2020,Cremona,Totale,355908
2020,Mantova,Maschi,200102
2020,Mantova,Femmine,206817
2020,Mantova,Totale,406919
2020,Lecco,Maschi,165229
2020,Lecco,Femmine,169732
2020,Lecco,Totale,334961
2020,Lodi,Maschi,112331
2020,Lodi,Femmine,115081
2020,Lodi,Totale,227412
2020,Monza e della Brianza,Maschi,426302
2020,Monza e della Brianza,Femmine,443891
2020,Monza e della Brianza,Totale,870193
2020,Nord-est,Maschi,5681723
2020,Nord-est,Femmine,5945814
2020,Nord-est,Totale,11627537
2020,Trentino-Alto Adige,Maschi,531506
2020,Trentino-Alto Adige,Femmine,546563
2020,Trentino-Alto Adige,Totale,1078069
2020,Provincia Autonoma Bolzano / Bozen,Maschi,263592
2020,Provincia Autonoma Bolzano / Bozen,Femmine,269052
2020,Provincia Autonoma Bolzano / Bozen,Totale,532644
2020,Bolzano / Bozen,Maschi,263592
2020,Bolzano / Bozen,Femmine,269052
2020,Bolzano / Bozen,Totale,532644
2020,Provincia Autonoma Trento,Maschi,267914
2020,Provincia Autonoma Trento,Femmine,277511
2020,Provincia Autonoma Trento,Totale,545425
2020,Trento,Maschi,267914
2020,Trento,Femmine,277511
2020,Trento,Totale,545425
2020,Veneto,Maschi,2389717
2020,Veneto,Femmine,2489416
2020,Veneto,Totale,4879133
2020,Verona,Maschi,453736
2020,Verona,Femmine,471006
2020,Verona,Totale,924742
2020,Vicenza,Maschi,421980
2020,Vicenza,Femmine,433317
2020,Vicenza,Totale,855297
2020,Belluno,Maschi,97871
2020,Belluno,Femmine,103438
2020,Belluno,Totale,201309
2020,Treviso,Maschi,434858
2020,Treviso,Femmine,448664
2020,Treviso,Totale,883522
2020,Venezia,Maschi,412402
2020,Venezia,Femmine,436427
2020,Venezia,Totale,848829
2020,Padova,Maschi,455981
2020,Padova,Femmine,477719
2020,Padova,Totale,933700
2020,Rovigo,Maschi,112889
2020,Rovigo,Femmine,118845
2020,Rovigo,Totale,231734
2020,Friuli Venezia Giulia,Maschi,586719
2020,Friuli Venezia Giulia,Femmine,619497
2020,Friuli Venezia Giulia,Totale,1206216
2020,Udine,Maschi,255362
2020,Udine,Femmine,271112
2020,Udine,Totale,526474
2020,Gorizia,Maschi,67659
2020,Gorizia,Femmine,70136
2020,Gorizia,Totale,137795
2020,Trieste,Maschi,111049
2020,Trieste,Femmine,120396
2020,Trieste,Totale,231445
2020,Pordenone,Maschi,152649
2020,Pordenone,Femmine,157853
2020,Pordenone,Totale,310502
2020,Emilia-Romagna,Maschi,2173781
2020,Emilia-Romagna,Femmine,2290338
2020,Emilia-Romagna,Totale,4464119
2020,Piacenza,Maschi,140425
2020,Piacenza,Femmine,146008
2020,Piacenza,Totale,286433
2020,Parma,Maschi,222547
2020,Parma,Femmine,232326
2020,Parma,Totale,454873
2020,"'Reggio nell""'Emilia'",Maschi,260736
2020,"'Reggio nell""'Emilia'",Femmine,268873
2020,"'Reggio nell""'Emilia'",Totale,529609
2020,Modena,Maschi,346686
2020,Modena,Femmine,360433
2020,Modena,Totale,707119
2020,Bologna,Maschi,493185
2020,Bologna,Femmine,528316
2020,Bologna,Totale,1021501
2020,Ferrara,Maschi,165912
2020,Ferrara,Femmine,178598
2020,Ferrara,Totale,344510
2020,Ravenna,Maschi,188761
2020,Ravenna,Femmine,199209
2020,Ravenna,Totale,387970
2020,Forlì-Cesena,Maschi,192660
2020,Forlì-Cesena,Femmine,202646
2020,Forlì-Cesena,Totale,395306
2020,Rimini,Maschi,162869
2020,Rimini,Femmine,173929
2020,Rimini,Totale,336798
2020,Centro,Maschi,5719084
2020,Centro,Femmine,6112008
2020,Centro,Totale,11831092
2020,Toscana,Maschi,1784318
2020,Toscana,Femmine,1908237
2020,Toscana,Totale,3692555
2020,Massa-Carrara,Maschi,92752
2020,Massa-Carrara,Femmine,98933
2020,Massa-Carrara,Totale,191685
2020,Lucca,Maschi,184891
2020,Lucca,Femmine,197652
2020,Lucca,Totale,382543
2020,Pistoia,Maschi,140888
2020,Pistoia,Femmine,150809
2020,Pistoia,Totale,291697
2020,Firenze,Maschi,477451
2020,Firenze,Femmine,518066
2020,Firenze,Totale,995517
2020,Livorno,Maschi,160003
2020,Livorno,Femmine,171874
2020,Livorno,Totale,331877
2020,Pisa,Maschi,203611
2020,Pisa,Femmine,214511
2020,Pisa,Totale,418122
2020,Arezzo,Maschi,165427
2020,Arezzo,Femmine,173745
2020,Arezzo,Totale,339172
2020,Siena,Maschi,127696
2020,Siena,Femmine,137483
2020,Siena,Totale,265179
2020,Grosseto,Maschi,106297
2020,Grosseto,Femmine,113393
2020,Grosseto,Totale,219690
2020,Prato,Maschi,125302
2020,Prato,Femmine,131771
2020,Prato,Totale,257073
2020,Umbria,Maschi,419894
2020,Umbria,Femmine,450271
2020,Umbria,Totale,870165
2020,Perugia,Maschi,312637
2020,Perugia,Femmine,334073
2020,Perugia,Totale,646710
2020,Terni,Maschi,107257
2020,Terni,Femmine,116198
2020,Terni,Totale,223455
2020,Marche,Maschi,735691
2020,Marche,Femmine,776981
2020,Marche,Totale,1512672
2020,Pesaro e Urbino,Maschi,174252
2020,Pesaro e Urbino,Femmine,182245
2020,Pesaro e Urbino,Totale,356497
2020,Ancona,Maschi,226467
2020,Ancona,Femmine,240984
2020,Ancona,Totale,467451
2020,Macerata,Maschi,151062
2020,Macerata,Femmine,159753
2020,Macerata,Totale,310815
2020,Ascoli Piceno,Maschi,99998
2020,Ascoli Piceno,Femmine,106174
2020,Ascoli Piceno,Totale,206172
2020,Fermo,Maschi,83912
2020,Fermo,Femmine,87825
2020,Fermo,Totale,171737
2020,Lazio,Maschi,2779181
2020,Lazio,Femmine,2976519
2020,Lazio,Totale,5755700
2020,Viterbo,Maschi,151969
2020,Viterbo,Femmine,157826
2020,Viterbo,Totale,309795
2020,Rieti,Maschi,75490
2020,Rieti,Femmine,77007
2020,Rieti,Totale,152497
2020,Roma,Maschi,2038876
2020,Roma,Femmine,2214438
2020,Roma,Totale,4253314
2020,Latina,Maschi,278063
2020,Latina,Femmine,284529
2020,Latina,Totale,562592
2020,Frosinone,Maschi,234783
2020,Frosinone,Femmine,242719
2020,Frosinone,Totale,477502
2020,Mezzogiorno,Maschi,9850364
2020,Mezzogiorno,Femmine,10343816
2020,Mezzogiorno,Totale,20194180
2020,Sud,Maschi,6687726
2020,Sud,Femmine,7019543
2020,Sud,Totale,13707269
2020,Abruzzo,Maschi,631743
2020,Abruzzo,Femmine,662198
2020,Abruzzo,Totale,1293941
2020,"'L""'Aquila'",Maschi,145759
2020,"'L""'Aquila'",Femmine,149079
2020,"'L""'Aquila'",Totale,294838
2020,Teramo,Maschi,148705
2020,Teramo,Femmine,155195
2020,Teramo,Totale,303900
2020,Pescara,Maschi,152614
2020,Pescara,Femmine,163749
2020,Pescara,Totale,316363
2020,Chieti,Maschi,184665
2020,Chieti,Femmine,194175
2020,Chieti,Totale,378840
2020,Molise,Maschi,147953
2020,Molise,Femmine,152563
2020,Molise,Totale,300516
2020,Campobasso,Maschi,106768
2020,Campobasso,Femmine,110594
2020,Campobasso,Totale,217362
2020,Isernia,Maschi,41185
2020,Isernia,Femmine,41969
2020,Isernia,Totale,83154
2020,Campania,Maschi,2784616
2020,Campania,Femmine,2927527
2020,Campania,Totale,5712143
2020,Caserta,Maschi,447522
2020,Caserta,Femmine,466144
2020,Caserta,Totale,913666
2020,Benevento,Maschi,133407
2020,Benevento,Femmine,138911
2020,Benevento,Totale,272318
2020,Napoli,Maschi,1472873
2020,Napoli,Femmine,1561537
2020,Napoli,Totale,3034410
2020,Avellino,Maschi,201454
2020,Avellino,Femmine,208915
2020,Avellino,Totale,410369
2020,Salerno,Maschi,529360
2020,Salerno,Femmine,552020
2020,Salerno,Totale,1081380
2020,Puglia,Maschi,1923532
2020,Puglia,Femmine,2029773
2020,Puglia,Totale,3953305
2020,Foggia,Maschi,297927
2020,Foggia,Femmine,308977
2020,Foggia,Totale,606904
2020,Bari,Maschi,600139
2020,Bari,Femmine,630066
2020,Bari,Totale,1230205
2020,Taranto,Maschi,273519
2020,Taranto,Femmine,290476
2020,Taranto,Totale,563995
2020,Brindisi,Maschi,186266
2020,Brindisi,Femmine,198969
2020,Brindisi,Totale,385235
2020,Lecce,Maschi,375525
2020,Lecce,Femmine,406640
2020,Lecce,Totale,782165
2020,Barletta-Andria-Trani,Maschi,190156
2020,Barletta-Andria-Trani,Femmine,194645
2020,Barletta-Andria-Trani,Totale,384801
2020,Basilicata,Maschi,272150
2020,Basilicata,Femmine,281104
2020,Basilicata,Totale,553254
2020,Potenza,Maschi,176242
2020,Potenza,Femmine,182159
2020,Potenza,Totale,358401
2020,Matera,Maschi,95908
2020,Matera,Femmine,98945
2020,Matera,Totale,194853
2020,Calabria,Maschi,927732
2020,Calabria,Femmine,966378
2020,Calabria,Totale,1894110
2020,Cosenza,Maschi,338116
2020,Cosenza,Femmine,352387
2020,Cosenza,Totale,690503
2020,Catanzaro,Maschi,170259
2020,Catanzaro,Femmine,179085
2020,Catanzaro,Totale,349344
2020,Reggio di Calabria,Maschi,258734
2020,Reggio di Calabria,Femmine,272233
2020,Reggio di Calabria,Totale,530967
2020,Crotone,Maschi,84029
2020,Crotone,Femmine,84552
2020,Crotone,Totale,168581
2020,Vibo Valentia,Maschi,76594
2020,Vibo Valentia,Femmine,78121
2020,Vibo Valentia,Totale,154715
2020,Isole,Maschi,3162638
2020,Isole,Femmine,3324273
2020,Isole,Totale,6486911
2020,Sicilia,Maschi,2370942
2020,Sicilia,Femmine,2504348
2020,Sicilia,Totale,4875290
2020,Trapani,Maschi,206795
2020,Trapani,Femmine,214461
2020,Trapani,Totale,421256
2020,Palermo,Maschi,591325
2020,Palermo,Femmine,631663
2020,Palermo,Totale,1222988
2020,Messina,Maschi,296351
2020,Messina,Femmine,317536
2020,Messina,Totale,613887
2020,Agrigento,Maschi,206000
2020,Agrigento,Femmine,217488
2020,Agrigento,Totale,423488
2020,Caltanissetta,Maschi,123883
2020,Caltanissetta,Femmine,132048
2020,Caltanissetta,Totale,255931
2020,Enna,Maschi,77520
2020,Enna,Femmine,82641
2020,Enna,Totale,160161
2020,Catania,Maschi,520750
2020,Catania,Femmine,551884
2020,Catania,Totale,1072634
2020,Ragusa,Maschi,156514
2020,Ragusa,Femmine,159087
2020,Ragusa,Totale,315601
2020,Siracusa,Maschi,191804
2020,Siracusa,Femmine,197540
2020,Siracusa,Totale,389344
2020,Sardegna,Maschi,791696
2020,Sardegna,Femmine,819925
2020,Sardegna,Totale,1611621
2020,Sassari,Maschi,238642
2020,Sassari,Femmine,245765
2020,Sassari,Totale,484407
2020,Nuoro,Maschi,101114
2020,Nuoro,Femmine,104091
2020,Nuoro,Totale,205205
2020,Cagliari,Maschi,204797
2020,Cagliari,Femmine,218043
2020,Cagliari,Totale,422840
2020,Oristano,Maschi,76350
2020,Oristano,Femmine,78624
2020,Oristano,Totale,154974
2020,Sud Sardegna,Maschi,170793
2020,Sud Sardegna,Femmine,173402
2020,Sud Sardegna,Totale,344195
2021,Italia,Maschi,28866226
2021,Italia,Femmine,30369987
2021,Italia,Totale,59236213
2021,Nord,Maschi,13439629
2021,Nord,Femmine,14046809
2021,Nord,Totale,27486438
2021,Nord-ovest,Maschi,7764404
2021,Nord-ovest,Femmine,8134679
2021,Nord-ovest,Totale,15899083
2021,Piemonte,Maschi,2079401
2021,Piemonte,Femmine,2195544
2021,Piemonte,Totale,4274945
2021,Torino,Maschi,1074296
2021,Torino,Femmine,1144910
2021,Torino,Totale,2219206
2021,Vercelli,Maschi,81065
2021,Vercelli,Femmine,85519
2021,Vercelli,Totale,166584
2021,Novara,Maschi,176928
2021,Novara,Femmine,185997
2021,Novara,Totale,362925
2021,Cuneo,Maschi,288044
2021,Cuneo,Femmine,293754
2021,Cuneo,Totale,581798
2021,Asti,Maschi,102693
2021,Asti,Femmine,106697
2021,Asti,Totale,209390
2021,Alessandria,Maschi,199120
2021,Alessandria,Femmine,210272
2021,Alessandria,Totale,409392
2021,Biella,Maschi,82112
2021,Biella,Femmine,88612
2021,Biella,Totale,170724
2021,Verbano-Cusio-Ossola,Maschi,75143
2021,Verbano-Cusio-Ossola,Femmine,79783
2021,Verbano-Cusio-Ossola,Totale,154926
2021,"Valle d'Aosta",Maschi,60712
2021,"Valle d'Aosta",Femmine,63377
2021,"Valle d'Aosta",Totale,124089
2021,"Valle d'Aosta",Maschi,60712
2021,"Valle d'Aosta",Femmine,63377
2021,"Valle d'Aosta",Totale,124089
2021,Liguria,Maschi,728845
2021,Liguria,Femmine,789650
2021,Liguria,Totale,1518495
2021,Imperia,Maschi,101014
2021,Imperia,Femmine,108230
2021,Imperia,Totale,209244
2021,Savona,Maschi,129653
2021,Savona,Femmine,140099
2021,Savona,Totale,269752
2021,Genova,Maschi,393470
2021,Genova,Femmine,430142
2021,Genova,Totale,823612
2021,La Spezia,Maschi,104708
2021,La Spezia,Femmine,111179
2021,La Spezia,Totale,215887
2021,Lombardia,Maschi,4895446
2021,Lombardia,Femmine,5086108
2021,Lombardia,Totale,9981554
2021,Varese,Maschi,428879
2021,Varese,Femmine,451214
2021,Varese,Totale,880093
2021,Como,Maschi,293322
2021,Como,Femmine,303134
2021,Como,Totale,596456
2021,Sondrio,Maschi,88017
2021,Sondrio,Femmine,90781
2021,Sondrio,Totale,178798
2021,Milano,Maschi,1575337
2021,Milano,Femmine,1666476
2021,Milano,Totale,3241813
2021,Bergamo,Maschi,548139
2021,Bergamo,Femmine,555417
2021,Bergamo,Totale,1103556
2021,Brescia,Maschi,621517
2021,Brescia,Femmine,634192
2021,Brescia,Totale,1255709
2021,Pavia,Maschi,262271
2021,Pavia,Femmine,273530
2021,Pavia,Totale,535801
2021,Cremona,Maschi,173930
2021,Cremona,Femmine,178312
2021,Cremona,Totale,352242
2021,Mantova,Maschi,200269
2021,Mantova,Femmine,205792
2021,Mantova,Totale,406061
2021,Lecco,Maschi,164689
2021,Lecco,Femmine,168880
2021,Lecco,Totale,333569
2021,Lodi,Maschi,112568
2021,Lodi,Femmine,114775
2021,Lodi,Totale,227343
2021,Monza e della Brianza,Maschi,426508
2021,Monza e della Brianza,Femmine,443605
2021,Monza e della Brianza,Totale,870113
2021,Nord-est,Maschi,5675225
2021,Nord-est,Femmine,5912130
2021,Nord-est,Totale,11587355
2021,Trentino-Alto Adige,Maschi,532211
2021,Trentino-Alto Adige,Femmine,544867
2021,Trentino-Alto Adige,Totale,1077078
2021,Provincia Autonoma Bolzano / Bozen,Maschi,265445
2021,Provincia Autonoma Bolzano / Bozen,Femmine,269467
2021,Provincia Autonoma Bolzano / Bozen,Totale,534912
2021,Bolzano / Bozen,Maschi,265445
2021,Bolzano / Bozen,Femmine,269467
2021,Bolzano / Bozen,Totale,534912
2021,Provincia Autonoma Trento,Maschi,266766
2021,Provincia Autonoma Trento,Femmine,275400
2021,Provincia Autonoma Trento,Totale,542166
2021,Trento,Maschi,266766
2021,Trento,Femmine,275400
2021,Trento,Totale,542166
2021,Veneto,Maschi,2391165
2021,Veneto,Femmine,2478665
2021,Veneto,Totale,4869830
2021,Verona,Maschi,457203
2021,Verona,Femmine,470607
2021,Verona,Totale,927810
2021,Vicenza,Maschi,422967
2021,Vicenza,Femmine,431995
2021,Vicenza,Totale,854962
2021,Belluno,Maschi,97200
2021,Belluno,Femmine,102504
2021,Belluno,Totale,199704
2021,Treviso,Maschi,434108
2021,Treviso,Femmine,446309
2021,Treviso,Totale,880417
2021,Venezia,Maschi,410613
2021,Venezia,Femmine,432932
2021,Venezia,Totale,843545
2021,Padova,Maschi,456297
2021,Padova,Femmine,476332
2021,Padova,Totale,932629
2021,Rovigo,Maschi,112777
2021,Rovigo,Femmine,117986
2021,Rovigo,Totale,230763
2021,Friuli Venezia Giulia,Maschi,585861
2021,Friuli Venezia Giulia,Femmine,615649
2021,Friuli Venezia Giulia,Totale,1201510
2021,Udine,Maschi,253242
2021,Udine,Femmine,267875
2021,Udine,Totale,521117
2021,Gorizia,Maschi,68735
2021,Gorizia,Femmine,70335
2021,Gorizia,Totale,139070
2021,Trieste,Maschi,110976
2021,Trieste,Femmine,119713
2021,Trieste,Totale,230689
2021,Pordenone,Maschi,152908
2021,Pordenone,Femmine,157726
2021,Pordenone,Totale,310634
2021,Emilia-Romagna,Maschi,2165988
2021,Emilia-Romagna,Femmine,2272949
2021,Emilia-Romagna,Totale,4438937
2021,Piacenza,Maschi,139395
2021,Piacenza,Femmine,144347
2021,Piacenza,Totale,283742
2021,Parma,Maschi,220560
2021,Parma,Femmine,229068
2021,Parma,Totale,449628
2021,"'Reggio nell""'Emilia'",Maschi,259981
2021,"'Reggio nell""'Emilia'",Femmine,267159
2021,"'Reggio nell""'Emilia'",Totale,527140
2021,Modena,Maschi,345930
2021,Modena,Femmine,357766
2021,Modena,Totale,703696
2021,Bologna,Maschi,491283
2021,Bologna,Femmine,524325
2021,Bologna,Totale,1015608
2021,Ferrara,Maschi,165003
2021,Ferrara,Femmine,177058
2021,Ferrara,Totale,342061
2021,Ravenna,Maschi,188514
2021,Ravenna,Femmine,198129
2021,Ravenna,Totale,386643
2021,Forlì-Cesena,Maschi,191757
2021,Forlì-Cesena,Femmine,200885
2021,Forlì-Cesena,Totale,392642
2021,Rimini,Maschi,163565
2021,Rimini,Femmine,174212
2021,Rimini,Totale,337777
2021,Centro,Maschi,5703014
2021,Centro,Femmine,6083938
2021,Centro,Totale,11786952
2021,Toscana,Maschi,1788550
2021,Toscana,Femmine,1904315
2021,Toscana,Totale,3692865
2021,Massa-Carrara,Maschi,92066
2021,Massa-Carrara,Femmine,97770
2021,Massa-Carrara,Totale,189836
2021,Lucca,Maschi,185702
2021,Lucca,Femmine,198255
2021,Lucca,Totale,383957
2021,Pistoia,Maschi,140427
2021,Pistoia,Femmine,149818
2021,Pistoia,Totale,290245
2021,Firenze,Maschi,480134
2021,Firenze,Femmine,518297
2021,Firenze,Totale,998431
2021,Livorno,Maschi,158750
2021,Livorno,Femmine,170246
2021,Livorno,Totale,328996
2021,Pisa,Maschi,203730
2021,Pisa,Femmine,214253
2021,Pisa,Totale,417983
2021,Arezzo,Maschi,164326
2021,Arezzo,Femmine,172175
2021,Arezzo,Totale,336501
2021,Siena,Maschi,127334
2021,Siena,Femmine,136467
2021,Siena,Totale,263801
2021,Grosseto,Maschi,105716
2021,Grosseto,Femmine,112130
2021,Grosseto,Totale,217846
2021,Prato,Maschi,130365
2021,Prato,Femmine,134904
2021,Prato,Totale,265269
2021,Umbria,Maschi,417708
2021,Umbria,Femmine,447744
2021,Umbria,Totale,865452
2021,Perugia,Maschi,312004
2021,Perugia,Femmine,333502
2021,Perugia,Totale,645506
2021,Terni,Maschi,105704
2021,Terni,Femmine,114242
2021,Terni,Totale,219946
2021,Marche,Maschi,729583
2021,Marche,Femmine,768653
2021,Marche,Totale,1498236
2021,Pesaro e Urbino,Maschi,172844
2021,Pesaro e Urbino,Femmine,180428
2021,Pesaro e Urbino,Totale,353272
2021,Ancona,Maschi,225501
2021,Ancona,Femmine,238918
2021,Ancona,Totale,464419
2021,Macerata,Maschi,149554
2021,Macerata,Femmine,157856
2021,Macerata,Totale,307410
2021,Ascoli Piceno,Maschi,98727
2021,Ascoli Piceno,Femmine,104698
2021,Ascoli Piceno,Totale,203425
2021,Fermo,Maschi,82957
2021,Fermo,Femmine,86753
2021,Fermo,Totale,169710
2021,Lazio,Maschi,2767173
2021,Lazio,Femmine,2963226
2021,Lazio,Totale,5730399
2021,Viterbo,Maschi,151430
2021,Viterbo,Femmine,157400
2021,Viterbo,Totale,308830
2021,Rieti,Maschi,75121
2021,Rieti,Femmine,76214
2021,Rieti,Totale,151335
2021,Roma,Maschi,2028515
2021,Roma,Femmine,2202936
2021,Roma,Totale,4231451
2021,Latina,Maschi,280109
2021,Latina,Femmine,286115
2021,Latina,Totale,566224
2021,Frosinone,Maschi,231998
2021,Frosinone,Femmine,240561
2021,Frosinone,Totale,472559
2021,Mezzogiorno,Maschi,9723583
2021,Mezzogiorno,Femmine,10239240
2021,Mezzogiorno,Totale,19962823
2021,Sud,Maschi,6598714
2021,Sud,Femmine,6940360
2021,Sud,Totale,13539074
2021,Abruzzo,Maschi,625585
2021,Abruzzo,Femmine,655427
2021,Abruzzo,Totale,1281012
2021,"'L""'Aquila'",Maschi,143924
2021,"'L""'Aquila'",Femmine,146887
2021,"'L""'Aquila'",Totale,290811
2021,Teramo,Maschi,147348
2021,Teramo,Femmine,153756
2021,Teramo,Totale,301104
2021,Pescara,Maschi,151451
2021,Pescara,Femmine,162431
2021,Pescara,Totale,313882
2021,Chieti,Maschi,182862
2021,Chieti,Femmine,192353
2021,Chieti,Totale,375215
2021,Molise,Maschi,144864
2021,Molise,Femmine,149430
2021,Molise,Totale,294294
2021,Campobasso,Maschi,104548
2021,Campobasso,Femmine,108331
2021,Campobasso,Totale,212879
2021,Isernia,Maschi,40316
2021,Isernia,Femmine,41099
2021,Isernia,Totale,81415
2021,Campania,Maschi,2739038
2021,Campania,Femmine,2885222
2021,Campania,Totale,5624260
2021,Caserta,Maschi,441458
2021,Caserta,Femmine,460445
2021,Caserta,Totale,901903
2021,Benevento,Maschi,130469
2021,Benevento,Femmine,136247
2021,Benevento,Totale,266716
2021,Napoli,Maschi,1448252
2021,Napoli,Femmine,1538493
2021,Napoli,Totale,2986745
2021,Avellino,Maschi,197524
2021,Avellino,Femmine,205405
2021,Avellino,Totale,402929
2021,Salerno,Maschi,521335
2021,Salerno,Femmine,544632
2021,Salerno,Totale,1065967
2021,Puglia,Maschi,1913253
2021,Puglia,Femmine,2020524
2021,Puglia,Totale,3933777
2021,Foggia,Maschi,296028
2021,Foggia,Femmine,306366
2021,Foggia,Totale,602394
2021,Bari,Maschi,599459
2021,Bari,Femmine,630699
2021,Bari,Totale,1230158
2021,Taranto,Maschi,272571
2021,Taranto,Femmine,289387
2021,Taranto,Totale,561958
2021,Brindisi,Maschi,184456
2021,Brindisi,Femmine,197490
2021,Brindisi,Totale,381946
2021,Lecce,Maschi,372618
2021,Lecce,Femmine,403612
2021,Lecce,Totale,776230
2021,Barletta-Andria-Trani,Maschi,188121
2021,Barletta-Andria-Trani,Femmine,192970
2021,Barletta-Andria-Trani,Totale,381091
2021,Basilicata,Maschi,267989
2021,Basilicata,Femmine,277141
2021,Basilicata,Totale,545130
2021,Potenza,Maschi,173171
2021,Potenza,Femmine,179319
2021,Potenza,Totale,352490
2021,Matera,Maschi,94818
2021,Matera,Femmine,97822
2021,Matera,Totale,192640
2021,Calabria,Maschi,907985
2021,Calabria,Femmine,952616
2021,Calabria,Totale,1860601
2021,Cosenza,Maschi,330027
2021,Cosenza,Femmine,346092
2021,Cosenza,Totale,676119
2021,Catanzaro,Maschi,167504
2021,Catanzaro,Femmine,176935
2021,Catanzaro,Totale,344439
2021,Reggio di Calabria,Maschi,254266
2021,Reggio di Calabria,Femmine,269525
2021,Reggio di Calabria,Totale,523791
2021,Crotone,Maschi,81148
2021,Crotone,Femmine,82911
2021,Crotone,Totale,164059
2021,Vibo Valentia,Maschi,75040
2021,Vibo Valentia,Femmine,77153
2021,Vibo Valentia,Totale,152193
2021,Isole,Maschi,3124869
2021,Isole,Femmine,3298880
2021,Isole,Totale,6423749
2021,Sicilia,Maschi,2346759
2021,Sicilia,Femmine,2486946
2021,Sicilia,Totale,4833705
2021,Trapani,Maschi,205141
2021,Trapani,Femmine,213136
2021,Trapani,Totale,418277
2021,Palermo,Maschi,583560
2021,Palermo,Femmine,625259
2021,Palermo,Totale,1208819
2021,Messina,Maschi,291013
2021,Messina,Femmine,312967
2021,Messina,Totale,603980
2021,Agrigento,Maschi,202004
2021,Agrigento,Femmine,214177
2021,Agrigento,Totale,416181
2021,Caltanissetta,Maschi,122717
2021,Caltanissetta,Femmine,130971
2021,Caltanissetta,Totale,253688
2021,Enna,Maschi,76095
2021,Enna,Femmine,81595
2021,Enna,Totale,157690
2021,Catania,Maschi,520350
2021,Catania,Femmine,553739
2021,Catania,Totale,1074089
2021,Ragusa,Maschi,156013
2021,Ragusa,Femmine,158897
2021,Ragusa,Totale,314910
2021,Siracusa,Maschi,189866
2021,Siracusa,Femmine,196205
2021,Siracusa,Totale,386071
2021,Sardegna,Maschi,778110
2021,Sardegna,Femmine,811934
2021,Sardegna,Totale,1590044
2021,Sassari,Maschi,233703
2021,Sassari,Femmine,242654
2021,Sassari,Totale,476357
2021,Nuoro,Maschi,98986
2021,Nuoro,Femmine,102531
2021,Nuoro,Totale,201517
2021,Cagliari,Maschi,203232
2021,Cagliari,Femmine,218256
2021,Cagliari,Totale,421488
2021,Oristano,Maschi,74865
2021,Oristano,Femmine,77553
2021,Oristano,Totale,152418
2021,Sud Sardegna,Maschi,167324
2021,Sud Sardegna,Femmine,170940
2021,Sud Sardegna,Totale,338264
2022,Italia,Maschi,28818956
2022,Italia,Femmine,30211177
2022,Italia,Totale,59030133
2022,Nord,Maschi,13399058
2022,Nord,Femmine,13974215
2022,Nord,Totale,27373273
2022,Nord-ovest,Maschi,7741607
2022,Nord-ovest,Femmine,8090334
2022,Nord-ovest,Totale,15831941
2022,Piemonte,Maschi,2073845
2022,Piemonte,Femmine,2182505
2022,Piemonte,Totale,4256350
2022,Torino,Maschi,1071211
2022,Torino,Femmine,1137159
2022,Torino,Totale,2208370
2022,Vercelli,Maschi,80981
2022,Vercelli,Femmine,85102
2022,Vercelli,Totale,166083
2022,Novara,Maschi,176589
2022,Novara,Femmine,185327
2022,Novara,Totale,361916
2022,Cuneo,Maschi,287148
2022,Cuneo,Femmine,293007
2022,Cuneo,Totale,580155
2022,Asti,Maschi,102337
2022,Asti,Femmine,105949
2022,Asti,Totale,208286
2022,Alessandria,Maschi,198584
2022,Alessandria,Femmine,208680
2022,Alessandria,Totale,407264
2022,Biella,Maschi,82057
2022,Biella,Femmine,87970
2022,Biella,Totale,170027
2022,Verbano-Cusio-Ossola,Maschi,74938
2022,Verbano-Cusio-Ossola,Femmine,79311
2022,Verbano-Cusio-Ossola,Totale,154249
2022,"Valle d'Aosta",Maschi,60413
2022,"Valle d'Aosta",Femmine,62947
2022,"Valle d'Aosta",Totale,123360
2022,"Valle d'Aosta",Maschi,60413
2022,"Valle d'Aosta",Femmine,62947
2022,"Valle d'Aosta",Totale,123360
2022,Liguria,Maschi,725821
2022,Liguria,Femmine,783406
2022,Liguria,Totale,1509227
2022,Imperia,Maschi,101270
2022,Imperia,Femmine,107400
2022,Imperia,Totale,208670
2022,Savona,Maschi,128958
2022,Savona,Femmine,139080
2022,Savona,Totale,268038
2022,Genova,Maschi,391116
2022,Genova,Femmine,426286
2022,Genova,Totale,817402
2022,La Spezia,Maschi,104477
2022,La Spezia,Femmine,110640
2022,La Spezia,Totale,215117
2022,Lombardia,Maschi,4881528
2022,Lombardia,Femmine,5061476
2022,Lombardia,Totale,9943004
2022,Varese,Maschi,427977
2022,Varese,Femmine,449691
2022,Varese,Totale,877668
2022,Como,Maschi,292781
2022,Como,Femmine,302160
2022,Como,Totale,594941
2022,Sondrio,Maschi,88067
2022,Sondrio,Femmine,90717
2022,Sondrio,Totale,178784
2022,Milano,Maschi,1564438
2022,Milano,Femmine,1650192
2022,Milano,Totale,3214630
2022,Bergamo,Maschi,548284
2022,Bergamo,Femmine,554713
2022,Bergamo,Totale,1102997
2022,Brescia,Maschi,620830
2022,Brescia,Femmine,632327
2022,Brescia,Totale,1253157
2022,Pavia,Maschi,262099
2022,Pavia,Femmine,272407
2022,Pavia,Totale,534506
2022,Cremona,Maschi,173826
2022,Cremona,Femmine,177828
2022,Cremona,Totale,351654
2022,Mantova,Maschi,199603
2022,Mantova,Femmine,204873
2022,Mantova,Totale,404476
2022,Lecco,Maschi,164165
2022,Lecco,Femmine,168292
2022,Lecco,Totale,332457
2022,Lodi,Maschi,112645
2022,Lodi,Femmine,114682
2022,Lodi,Totale,227327
2022,Monza e della Brianza,Maschi,426813
2022,Monza e della Brianza,Femmine,443594
2022,Monza e della Brianza,Totale,870407
2022,Nord-est,Maschi,5657451
2022,Nord-est,Femmine,5883881
2022,Nord-est,Totale,11541332
2022,Trentino-Alto Adige,Maschi,530469
2022,Trentino-Alto Adige,Femmine,543105
2022,Trentino-Alto Adige,Totale,1073574
2022,Provincia Autonoma Bolzano / Bozen,Maschi,264129
2022,Provincia Autonoma Bolzano / Bozen,Femmine,268487
2022,Provincia Autonoma Bolzano / Bozen,Totale,532616
2022,Bolzano / Bozen,Maschi,264129
2022,Bolzano / Bozen,Femmine,268487
2022,Bolzano / Bozen,Totale,532616
2022,Provincia Autonoma Trento,Maschi,266340
2022,Provincia Autonoma Trento,Femmine,274618
2022,Provincia Autonoma Trento,Totale,540958
2022,Trento,Maschi,266340
2022,Trento,Femmine,274618
2022,Trento,Totale,540958
2022,Veneto,Maschi,2380743
2022,Veneto,Femmine,2467002
2022,Veneto,Totale,4847745
2022,Verona,Maschi,454838
2022,Verona,Femmine,469186
2022,Verona,Totale,924024
2022,Vicenza,Maschi,421557
2022,Vicenza,Femmine,430582
2022,Vicenza,Totale,852139
2022,Belluno,Maschi,96883
2022,Belluno,Femmine,101793
2022,Belluno,Totale,198676
2022,Treviso,Maschi,433027
2022,Treviso,Femmine,444863
2022,Treviso,Totale,877890
2022,Venezia,Maschi,407415
2022,Venezia,Femmine,429501
2022,Venezia,Totale,836916
2022,Padova,Maschi,455085
2022,Padova,Femmine,474113
2022,Padova,Totale,929198
2022,Rovigo,Maschi,111938
2022,Rovigo,Femmine,116964
2022,Rovigo,Totale,228902
2022,Friuli Venezia Giulia,Maschi,582704
2022,Friuli Venezia Giulia,Femmine,611943
2022,Friuli Venezia Giulia,Totale,1194647
2022,Udine,Maschi,252116
2022,Udine,Femmine,266326
2022,Udine,Totale,518442
2022,Gorizia,Maschi,67999
2022,Gorizia,Femmine,69900
2022,Gorizia,Totale,137899
2022,Trieste,Maschi,110369
2022,Trieste,Femmine,118464
2022,Trieste,Totale,228833
2022,Pordenone,Maschi,152220
2022,Pordenone,Femmine,157253
2022,Pordenone,Totale,309473
2022,Emilia-Romagna,Maschi,2163535
2022,Emilia-Romagna,Femmine,2261831
2022,Emilia-Romagna,Totale,4425366
2022,Piacenza,Maschi,139375
2022,Piacenza,Femmine,144060
2022,Piacenza,Totale,283435
2022,Parma,Maschi,220623
2022,Parma,Femmine,228293
2022,Parma,Totale,448916
2022,"'Reggio nell""'Emilia'",Maschi,259875
2022,"'Reggio nell""'Emilia'",Femmine,265711
2022,"'Reggio nell""'Emilia'",Totale,525586
2022,Modena,Maschi,345567
2022,Modena,Femmine,356184
2022,Modena,Totale,701751
2022,Bologna,Maschi,489835
2022,Bologna,Femmine,520977
2022,Bologna,Totale,1010812
2022,Ferrara,Maschi,164303
2022,Ferrara,Femmine,175270
2022,Ferrara,Totale,339573
2022,Ravenna,Maschi,188427
2022,Ravenna,Femmine,197204
2022,Ravenna,Totale,385631
2022,Forlì-Cesena,Maschi,191340
2022,Forlì-Cesena,Femmine,199953
2022,Forlì-Cesena,Totale,391293
2022,Rimini,Maschi,164190
2022,Rimini,Femmine,174179
2022,Rimini,Totale,338369
2022,Centro,Maschi,5685827
2022,Centro,Femmine,6038208
2022,Centro,Totale,11724035
2022,Toscana,Maschi,1776806
2022,Toscana,Femmine,1886385
2022,Toscana,Totale,3663191
2022,Massa-Carrara,Maschi,91522
2022,Massa-Carrara,Femmine,96961
2022,Massa-Carrara,Totale,188483
2022,Lucca,Maschi,185327
2022,Lucca,Femmine,197137
2022,Lucca,Totale,382464
2022,Pistoia,Maschi,140180
2022,Pistoia,Femmine,149234
2022,Pistoia,Totale,289414
2022,Firenze,Maschi,475874
2022,Firenze,Femmine,511386
2022,Firenze,Totale,987260
2022,Livorno,Maschi,158108
2022,Livorno,Femmine,169154
2022,Livorno,Totale,327262
2022,Pisa,Maschi,203533
2022,Pisa,Femmine,213508
2022,Pisa,Totale,417041
2022,Arezzo,Maschi,163835
2022,Arezzo,Femmine,171091
2022,Arezzo,Totale,334926
2022,Siena,Maschi,126414
2022,Siena,Femmine,134795
2022,Siena,Totale,261209
2022,Grosseto,Maschi,105417
2022,Grosseto,Femmine,111592
2022,Grosseto,Totale,217009
2022,Prato,Maschi,126596
2022,Prato,Femmine,131527
2022,Prato,Totale,258123
2022,Umbria,Maschi,415195
2022,Umbria,Femmine,443617
2022,Umbria,Totale,858812
2022,Perugia,Maschi,310134
2022,Perugia,Femmine,330348
2022,Perugia,Totale,640482
2022,Terni,Maschi,105061
2022,Terni,Femmine,113269
2022,Terni,Totale,218330
2022,Marche,Maschi,725470
2022,Marche,Femmine,761680
2022,Marche,Totale,1487150
2022,Pesaro e Urbino,Maschi,171326
2022,Pesaro e Urbino,Femmine,178492
2022,Pesaro e Urbino,Totale,349818
2022,Ancona,Maschi,224705
2022,Ancona,Femmine,236982
2022,Ancona,Totale,461687
2022,Macerata,Maschi,148680
2022,Macerata,Femmine,156306
2022,Macerata,Totale,304986
2022,Ascoli Piceno,Maschi,98285
2022,Ascoli Piceno,Femmine,104080
2022,Ascoli Piceno,Totale,202365
2022,Fermo,Maschi,82474
2022,Fermo,Femmine,85820
2022,Fermo,Totale,168294
2022,Lazio,Maschi,2768356
2022,Lazio,Femmine,2946526
2022,Lazio,Totale,5714882
2022,Viterbo,Maschi,151710
2022,Viterbo,Femmine,157027
2022,Viterbo,Totale,308737
2022,Rieti,Maschi,75329
2022,Rieti,Femmine,75814
2022,Rieti,Totale,151143
2022,Roma,Maschi,2028829
2022,Roma,Femmine,2188045
2022,Roma,Totale,4216874
2022,Latina,Maschi,281053
2022,Latina,Femmine,286386
2022,Latina,Totale,567439
2022,Frosinone,Maschi,231435
2022,Frosinone,Femmine,239254
2022,Frosinone,Totale,470689
2022,Mezzogiorno,Maschi,9734071
2022,Mezzogiorno,Femmine,10198754
2022,Mezzogiorno,Totale,19932825
2022,Sud,Maschi,6601628
2022,Sud,Femmine,6910455
2022,Sud,Totale,13512083
2022,Abruzzo,Maschi,624162
2022,Abruzzo,Femmine,651788
2022,Abruzzo,Totale,1275950
2022,"'L""'Aquila'",Maschi,143291
2022,"'L""'Aquila'",Femmine,145665
2022,"'L""'Aquila'",Totale,288956
2022,Teramo,Maschi,146699
2022,Teramo,Femmine,152947
2022,Teramo,Totale,299646
2022,Pescara,Maschi,151743
2022,Pescara,Femmine,161888
2022,Pescara,Totale,313631
2022,Chieti,Maschi,182429
2022,Chieti,Femmine,191288
2022,Chieti,Totale,373717
2022,Molise,Maschi,144013
2022,Molise,Femmine,148137
2022,Molise,Totale,292150
2022,Campobasso,Maschi,104116
2022,Campobasso,Femmine,107470
2022,Campobasso,Totale,211586
2022,Isernia,Maschi,39897
2022,Isernia,Femmine,40667
2022,Isernia,Totale,80564
2022,Campania,Maschi,2747577
2022,Campania,Femmine,2876843
2022,Campania,Totale,5624420
2022,Caserta,Maschi,443850
2022,Caserta,Femmine,461195
2022,Caserta,Totale,905045
2022,Benevento,Maschi,129800
2022,Benevento,Femmine,135255
2022,Benevento,Totale,265055
2022,Napoli,Maschi,1454640
2022,Napoli,Femmine,1533736
2022,Napoli,Totale,2988376
2022,Avellino,Maschi,197188
2022,Avellino,Femmine,204263
2022,Avellino,Totale,401451
2022,Salerno,Maschi,522099
2022,Salerno,Femmine,542394
2022,Salerno,Totale,1064493
2022,Puglia,Maschi,1910909
2022,Puglia,Femmine,2012032
2022,Puglia,Totale,3922941
2022,Foggia,Maschi,295178
2022,Foggia,Femmine,303850
2022,Foggia,Totale,599028
2022,Bari,Maschi,598422
2022,Bari,Femmine,628362
2022,Bari,Totale,1226784
2022,Taranto,Maschi,272000
2022,Taranto,Femmine,287892
2022,Taranto,Totale,559892
2022,Brindisi,Maschi,184396
2022,Brindisi,Femmine,196877
2022,Brindisi,Totale,381273
2022,Lecce,Maschi,372760
2022,Lecce,Femmine,402588
2022,Lecce,Totale,775348
2022,Barletta-Andria-Trani,Maschi,188153
2022,Barletta-Andria-Trani,Femmine,192463
2022,Barletta-Andria-Trani,Totale,380616
2022,Basilicata,Maschi,266478
2022,Basilicata,Femmine,274690
2022,Basilicata,Totale,541168
2022,Potenza,Maschi,172091
2022,Potenza,Femmine,177525
2022,Potenza,Totale,349616
2022,Matera,Maschi,94387
2022,Matera,Femmine,97165
2022,Matera,Totale,191552
2022,Calabria,Maschi,908489
2022,Calabria,Femmine,946965
2022,Calabria,Totale,1855454
2022,Cosenza,Maschi,330569
2022,Cosenza,Femmine,343974
2022,Cosenza,Totale,674543
2022,Catanzaro,Maschi,167694
2022,Catanzaro,Femmine,175979
2022,Catanzaro,Totale,343673
2022,Reggio di Calabria,Maschi,254337
2022,Reggio di Calabria,Femmine,267790
2022,Reggio di Calabria,Totale,522127
2022,Crotone,Maschi,80911
2022,Crotone,Femmine,82642
2022,Crotone,Totale,163553
2022,Vibo Valentia,Maschi,74978
2022,Vibo Valentia,Femmine,76580
2022,Vibo Valentia,Totale,151558
2022,Isole,Maschi,3132443
2022,Isole,Femmine,3288299
2022,Isole,Totale,6420742
2022,Sicilia,Maschi,2353773
2022,Sicilia,Femmine,2479556
2022,Sicilia,Totale,4833329
2022,Trapani,Maschi,205214
2022,Trapani,Femmine,212006
2022,Trapani,Totale,417220
2022,Palermo,Maschi,585637
2022,Palermo,Femmine,623354
2022,Palermo,Totale,1208991
2022,Messina,Maschi,291475
2022,Messina,Femmine,311754
2022,Messina,Totale,603229
2022,Agrigento,Maschi,202481
2022,Agrigento,Femmine,213406
2022,Agrigento,Totale,415887
2022,Caltanissetta,Maschi,121966
2022,Caltanissetta,Femmine,129749
2022,Caltanissetta,Totale,251715
2022,Enna,Maschi,75786
2022,Enna,Femmine,80944
2022,Enna,Totale,156730
2022,Catania,Maschi,523886
2022,Catania,Femmine,553629
2022,Catania,Totale,1077515
2022,Ragusa,Maschi,157045
2022,Ragusa,Femmine,159097
2022,Ragusa,Totale,316142
2022,Siracusa,Maschi,190283
2022,Siracusa,Femmine,195617
2022,Siracusa,Totale,385900
2022,Sardegna,Maschi,778670
2022,Sardegna,Femmine,808743
2022,Sardegna,Totale,1587413
2022,Sassari,Maschi,234414
2022,Sassari,Femmine,242102
2022,Sassari,Totale,476516
2022,Nuoro,Maschi,98680
2022,Nuoro,Femmine,101696
2022,Nuoro,Totale,200376
2022,Cagliari,Maschi,203718
2022,Cagliari,Femmine,217970
2022,Cagliari,Totale,421688
2022,Oristano,Maschi,74645
2022,Oristano,Femmine,77010
2022,Oristano,Totale,151655
2022,Sud Sardegna,Maschi,167213
2022,Sud Sardegna,Femmine,169965
2022,Sud Sardegna,Totale,337178
2023,Italia,Maschi,28814832
2023,Italia,Femmine,30182369
2023,Italia,Totale,58997201
2023,Nord,Maschi,13429002
2023,Nord,Femmine,13988146
2023,Nord,Totale,27417148
2023,Nord-ovest,Maschi,7759911
2023,Nord-ovest,Femmine,8098715
2023,Nord-ovest,Totale,15858626
2023,Piemonte,Maschi,2072771
2023,Piemonte,Femmine,2178580
2023,Piemonte,Totale,4251351
2023,Torino,Maschi,1069885
2023,Torino,Femmine,1134747
2023,Torino,Totale,2204632
2023,Vercelli,Maschi,81022
2023,Vercelli,Femmine,84870
2023,Vercelli,Totale,165892
2023,Novara,Maschi,176980
2023,Novara,Femmine,185522
2023,Novara,Totale,362502
2023,Cuneo,Maschi,287723
2023,Cuneo,Femmine,293013
2023,Cuneo,Totale,580736
2023,Asti,Maschi,102325
2023,Asti,Femmine,105626
2023,Asti,Totale,207951
2023,Alessandria,Maschi,198213
2023,Alessandria,Femmine,208281
2023,Alessandria,Totale,406494
2023,Biella,Maschi,81705
2023,Biella,Femmine,87401
2023,Biella,Totale,169106
2023,Verbano-Cusio-Ossola,Maschi,74918
2023,Verbano-Cusio-Ossola,Femmine,79120
2023,Verbano-Cusio-Ossola,Totale,154038
2023,"Valle d'Aosta",Maschi,60353
2023,"Valle d'Aosta",Femmine,62777
2023,"Valle d'Aosta",Totale,123130
2023,"Valle d'Aosta",Maschi,60353
2023,"Valle d'Aosta",Femmine,62777
2023,"Valle d'Aosta",Totale,123130
2023,Liguria,Maschi,726267
2023,Liguria,Femmine,781369
2023,Liguria,Totale,1507636
2023,Imperia,Maschi,101356
2023,Imperia,Femmine,107436
2023,Imperia,Totale,208792
2023,Savona,Maschi,128826
2023,Savona,Femmine,138540
2023,Savona,Totale,267366
2023,Genova,Maschi,391611
2023,Genova,Femmine,424995
2023,Genova,Totale,816606
2023,La Spezia,Maschi,104474
2023,La Spezia,Femmine,110398
2023,La Spezia,Totale,214872
2023,Lombardia,Maschi,4900520
2023,Lombardia,Femmine,5075989
2023,Lombardia,Totale,9976509
2023,Varese,Maschi,428937
2023,Varese,Femmine,450794
2023,Varese,Totale,879731
2023,Como,Maschi,293870
2023,Como,Femmine,303247
2023,Como,Totale,597117
2023,Sondrio,Maschi,88128
2023,Sondrio,Femmine,90667
2023,Sondrio,Totale,178795
2023,Milano,Maschi,1572189
2023,Milano,Femmine,1655817
2023,Milano,Totale,3228006
2023,Bergamo,Maschi,549975
2023,Bergamo,Femmine,556328
2023,Bergamo,Totale,1106303
2023,Brescia,Maschi,623202
2023,Brescia,Femmine,634124
2023,Brescia,Totale,1257326
2023,Pavia,Maschi,263200
2023,Pavia,Femmine,273206
2023,Pavia,Totale,536406
2023,Cremona,Maschi,174232
2023,Cremona,Femmine,177957
2023,Cremona,Totale,352189
2023,Mantova,Maschi,200727
2023,Mantova,Femmine,205392
2023,Mantova,Totale,406119
2023,Lecco,Maschi,164366
2023,Lecco,Femmine,168409
2023,Lecco,Totale,332775
2023,Lodi,Maschi,113286
2023,Lodi,Femmine,114850
2023,Lodi,Totale,228136
2023,Monza e della Brianza,Maschi,428408
2023,Monza e della Brianza,Femmine,445198
2023,Monza e della Brianza,Totale,873606
2023,Nord-est,Maschi,5669091
2023,Nord-est,Femmine,5889431
2023,Nord-est,Totale,11558522
2023,Trentino-Alto Adige,Maschi,532429
2023,Trentino-Alto Adige,Femmine,544714
2023,Trentino-Alto Adige,Totale,1077143
2023,Provincia Autonoma Bolzano / Bozen,Maschi,264748
2023,Provincia Autonoma Bolzano / Bozen,Femmine,269399
2023,Provincia Autonoma Bolzano / Bozen,Totale,534147
2023,Bolzano / Bozen,Maschi,264748
2023,Bolzano / Bozen,Femmine,269399
2023,Bolzano / Bozen,Totale,534147
2023,Provincia Autonoma Trento,Maschi,267681
2023,Provincia Autonoma Trento,Femmine,275315
2023,Provincia Autonoma Trento,Totale,542996
2023,Trento,Maschi,267681
2023,Trento,Femmine,275315
2023,Trento,Totale,542996
2023,Veneto,Maschi,2382754
2023,Veneto,Femmine,2466799
2023,Veneto,Totale,4849553
2023,Verona,Maschi,455658
2023,Verona,Femmine,469998
2023,Verona,Totale,925656
2023,Vicenza,Maschi,422063
2023,Vicenza,Femmine,430716
2023,Vicenza,Totale,852779
2023,Belluno,Maschi,96704
2023,Belluno,Femmine,101401
2023,Belluno,Totale,198105
2023,Treviso,Maschi,433687
2023,Treviso,Femmine,445141
2023,Treviso,Totale,878828
2023,Venezia,Maschi,407180
2023,Venezia,Femmine,428715
2023,Venezia,Totale,835895
2023,Padova,Maschi,455805
2023,Padova,Femmine,474544
2023,Padova,Totale,930349
2023,Rovigo,Maschi,111657
2023,Rovigo,Femmine,116284
2023,Rovigo,Totale,227941
2023,Friuli Venezia Giulia,Maschi,582902
2023,Friuli Venezia Giulia,Femmine,611346
2023,Friuli Venezia Giulia,Totale,1194248
2023,Udine,Maschi,251711
2023,Udine,Femmine,265665
2023,Udine,Totale,517376
2023,Gorizia,Maschi,68144
2023,Gorizia,Femmine,69890
2023,Gorizia,Totale,138034
2023,Trieste,Maschi,110307
2023,Trieste,Femmine,118398
2023,Trieste,Totale,228705
2023,Pordenone,Maschi,152740
2023,Pordenone,Femmine,157393
2023,Pordenone,Totale,310133
2023,Emilia-Romagna,Maschi,2171006
2023,Emilia-Romagna,Femmine,2266572
2023,Emilia-Romagna,Totale,4437578
2023,Piacenza,Maschi,139937
2023,Piacenza,Femmine,144283
2023,Piacenza,Totale,284220
2023,Parma,Maschi,222199
2023,Parma,Femmine,229489
2023,Parma,Totale,451688
2023,"'Reggio nell""'Emilia'",Maschi,260650
2023,"'Reggio nell""'Emilia'",Femmine,266340
2023,"'Reggio nell""'Emilia'",Totale,526990
2023,Modena,Maschi,347206
2023,Modena,Femmine,357126
2023,Modena,Totale,704332
2023,Bologna,Maschi,491615
2023,Bologna,Femmine,522509
2023,Bologna,Totale,1014124
2023,Ferrara,Maschi,164435
2023,Ferrara,Femmine,174852
2023,Ferrara,Totale,339287
2023,Ravenna,Maschi,188942
2023,Ravenna,Femmine,197413
2023,Ravenna,Totale,386355
2023,Forlì-Cesena,Maschi,191704
2023,Forlì-Cesena,Femmine,199944
2023,Forlì-Cesena,Totale,391648
2023,Rimini,Maschi,164318
2023,Rimini,Femmine,174616
2023,Rimini,Totale,338934
2023,Centro,Maschi,5687171
2023,Centro,Femmine,6036051
2023,Centro,Totale,11723222
2023,Toscana,Maschi,1776898
2023,Toscana,Femmine,1885083
2023,Toscana,Totale,3661981
2023,Massa-Carrara,Maschi,91051
2023,Massa-Carrara,Femmine,96532
2023,Massa-Carrara,Totale,187583
2023,Lucca,Maschi,185300
2023,Lucca,Femmine,196884
2023,Lucca,Totale,382184
2023,Pistoia,Maschi,140397
2023,Pistoia,Femmine,149362
2023,Pistoia,Totale,289759
2023,Firenze,Maschi,476448
2023,Firenze,Femmine,511746
2023,Firenze,Totale,988194
2023,Livorno,Maschi,157983
2023,Livorno,Femmine,168622
2023,Livorno,Totale,326605
2023,Pisa,Maschi,203546
2023,Pisa,Femmine,213624
2023,Pisa,Totale,417170
2023,Arezzo,Maschi,163457
2023,Arezzo,Femmine,170595
2023,Arezzo,Totale,334052
2023,Siena,Maschi,126254
2023,Siena,Femmine,134303
2023,Siena,Totale,260557
2023,Grosseto,Maschi,105272
2023,Grosseto,Femmine,111361
2023,Grosseto,Totale,216633
2023,Prato,Maschi,127190
2023,Prato,Femmine,132054
2023,Prato,Totale,259244
2023,Umbria,Maschi,414273
2023,Umbria,Femmine,442134
2023,Umbria,Totale,856407
2023,Perugia,Maschi,309653
2023,Perugia,Femmine,329571
2023,Perugia,Totale,639224
2023,Terni,Maschi,104620
2023,Terni,Femmine,112563
2023,Terni,Totale,217183
2023,Marche,Maschi,724914
2023,Marche,Femmine,759384
2023,Marche,Totale,1484298
2023,Pesaro e Urbino,Maschi,171484
2023,Pesaro e Urbino,Femmine,178045
2023,Pesaro e Urbino,Totale,349529
2023,Ancona,Maschi,225001
2023,Ancona,Femmine,236654
2023,Ancona,Totale,461655
2023,Macerata,Maschi,148235
2023,Macerata,Femmine,155593
2023,Macerata,Totale,303828
2023,Ascoli Piceno,Maschi,97875
2023,Ascoli Piceno,Femmine,103587
2023,Ascoli Piceno,Totale,201462
2023,Fermo,Maschi,82319
2023,Fermo,Femmine,85505
2023,Fermo,Totale,167824
2023,Lazio,Maschi,2771086
2023,Lazio,Femmine,2949450
2023,Lazio,Totale,5720536
2023,Viterbo,Maschi,151395
2023,Viterbo,Femmine,156763
2023,Viterbo,Totale,308158
2023,Rieti,Maschi,75091
2023,Rieti,Femmine,75366
2023,Rieti,Totale,150457
2023,Roma,Maschi,2033837
2023,Roma,Femmine,2193222
2023,Roma,Totale,4227059
2023,Latina,Maschi,280847
2023,Latina,Femmine,286149
2023,Latina,Totale,566996
2023,Frosinone,Maschi,229916
2023,Frosinone,Femmine,237950
2023,Frosinone,Totale,467866
2023,Mezzogiorno,Maschi,9698659
2023,Mezzogiorno,Femmine,10158172
2023,Mezzogiorno,Totale,19856831
2023,Sud,Maschi,6579017
2023,Sud,Femmine,6885652
2023,Sud,Totale,13464669
2023,Abruzzo,Maschi,622679
2023,Abruzzo,Femmine,649948
2023,Abruzzo,Totale,1272627
2023,"'L""'Aquila'",Maschi,142793
2023,"'L""'Aquila'",Femmine,145013
2023,"'L""'Aquila'",Totale,287806
2023,Teramo,Maschi,146431
2023,Teramo,Femmine,152640
2023,Teramo,Totale,299071
2023,Pescara,Maschi,151415
2023,Pescara,Femmine,161695
2023,Pescara,Totale,313110
2023,Chieti,Maschi,182040
2023,Chieti,Femmine,190600
2023,Chieti,Totale,372640
2023,Molise,Maschi,143551
2023,Molise,Femmine,147085
2023,Molise,Totale,290636
2023,Campobasso,Maschi,103851
2023,Campobasso,Femmine,106873
2023,Campobasso,Totale,210724
2023,Isernia,Maschi,39700
2023,Isernia,Femmine,40212
2023,Isernia,Totale,79912
2023,Campania,Maschi,2739246
2023,Campania,Femmine,2870290
2023,Campania,Totale,5609536
2023,Caserta,Maschi,444325
2023,Caserta,Femmine,461749
2023,Caserta,Totale,906074
2023,Benevento,Maschi,128875
2023,Benevento,Femmine,134250
2023,Benevento,Totale,263125
2023,Napoli,Maschi,1449594
2023,Napoli,Femmine,1530744
2023,Napoli,Totale,2980338
2023,Avellino,Maschi,195973
2023,Avellino,Femmine,202959
2023,Avellino,Totale,398932
2023,Salerno,Maschi,520479
2023,Salerno,Femmine,540588
2023,Salerno,Totale,1061067
2023,Puglia,Maschi,1904137
2023,Puglia,Femmine,2003546
2023,Puglia,Totale,3907683
2023,Foggia,Maschi,293907
2023,Foggia,Femmine,301775
2023,Foggia,Totale,595682
2023,Bari,Maschi,597465
2023,Bari,Femmine,627583
2023,Bari,Totale,1225048
2023,Taranto,Maschi,270448
2023,Taranto,Femmine,286244
2023,Taranto,Totale,556692
2023,Brindisi,Maschi,183723
2023,Brindisi,Femmine,195799
2023,Brindisi,Totale,379522
2023,Lecce,Maschi,371083
2023,Lecce,Femmine,400147
2023,Lecce,Totale,771230
2023,Barletta-Andria-Trani,Maschi,187511
2023,Barletta-Andria-Trani,Femmine,191998
2023,Barletta-Andria-Trani,Totale,379509
2023,Basilicata,Maschi,265185
2023,Basilicata,Femmine,272392
2023,Basilicata,Totale,537577
2023,Potenza,Maschi,170854
2023,Potenza,Femmine,175621
2023,Potenza,Totale,346475
2023,Matera,Maschi,94331
2023,Matera,Femmine,96771
2023,Matera,Totale,191102
2023,Calabria,Maschi,904219
2023,Calabria,Femmine,942391
2023,Calabria,Totale,1846610
2023,Cosenza,Maschi,329644
2023,Cosenza,Femmine,342788
2023,Cosenza,Totale,672432
2023,Catanzaro,Maschi,167002
2023,Catanzaro,Femmine,175019
2023,Catanzaro,Totale,342021
2023,Reggio di Calabria,Maschi,252621
2023,Reggio di Calabria,Femmine,266078
2023,Reggio di Calabria,Totale,518699
2023,Crotone,Maschi,80336
2023,Crotone,Femmine,82413
2023,Crotone,Totale,162749
2023,Vibo Valentia,Maschi,74616
2023,Vibo Valentia,Femmine,76093
2023,Vibo Valentia,Totale,150709
2023,Isole,Maschi,3119642
2023,Isole,Femmine,3272520
2023,Isole,Totale,6392162
2023,Sicilia,Maschi,2345397
2023,Sicilia,Femmine,2468619
2023,Sicilia,Totale,4814016
2023,Trapani,Maschi,204361
2023,Trapani,Femmine,210645
2023,Trapani,Totale,415006
2023,Palermo,Maschi,583114
2023,Palermo,Femmine,621075
2023,Palermo,Totale,1204189
2023,Messina,Maschi,290267
2023,Messina,Femmine,309913
2023,Messina,Totale,600180
2023,Agrigento,Maschi,201398
2023,Agrigento,Femmine,211779
2023,Agrigento,Totale,413177
2023,Caltanissetta,Maschi,120826
2023,Caltanissetta,Femmine,128605
2023,Caltanissetta,Totale,249431
2023,Enna,Maschi,75005
2023,Enna,Femmine,79935
2023,Enna,Totale,154940
2023,Catania,Maschi,522316
2023,Catania,Femmine,552118
2023,Catania,Totale,1074434
2023,Ragusa,Maschi,158272
2023,Ragusa,Femmine,159521
2023,Ragusa,Totale,317793
2023,Siracusa,Maschi,189838
2023,Siracusa,Femmine,195028
2023,Siracusa,Totale,384866
2023,Sardegna,Maschi,774245
2023,Sardegna,Femmine,803901
2023,Sardegna,Totale,1578146
2023,Sassari,Maschi,233596
2023,Sassari,Femmine,241143
2023,Sassari,Totale,474739
2023,Nuoro,Maschi,97845
2023,Nuoro,Femmine,100675
2023,Nuoro,Totale,198520
2023,Cagliari,Maschi,203043
2023,Cagliari,Femmine,217321
2023,Cagliari,Totale,420364
2023,Oristano,Maschi,73988
2023,Oristano,Femmine,76337
2023,Oristano,Totale,150325
2023,Sud Sardegna,Maschi,165773
2023,Sud Sardegna,Femmine,168425
2023,Sud Sardegna,Totale,334198
2024,Italia,Maschi,28846728
2024,Italia,Femmine,30124502
2024,Italia,Totale,58971230
2024,Nord,Maschi,13484769
2024,Nord,Femmine,13992397
2024,Nord,Totale,27477166
2024,Nord-ovest,Maschi,7793995
2024,Nord-ovest,Femmine,8101699
2024,Nord-ovest,Totale,15895694
2024,Piemonte,Maschi,2077302
2024,Piemonte,Femmine,2174321
2024,Piemonte,Totale,4251623
2024,Torino,Maschi,1072022
2024,Torino,Femmine,1132815
2024,Torino,Totale,2204837
2024,Vercelli,Maschi,81113
2024,Vercelli,Femmine,84591
2024,Vercelli,Totale,165704
2024,Novara,Maschi,177838
2024,Novara,Femmine,185644
2024,Novara,Totale,363482
2024,Cuneo,Maschi,289089
2024,Cuneo,Femmine,292542
2024,Cuneo,Totale,581631
2024,Asti,Maschi,101989
2024,Asti,Femmine,105250
2024,Asti,Totale,207239
2024,Alessandria,Maschi,198744
2024,Alessandria,Femmine,207641
2024,Alessandria,Totale,406385
2024,Biella,Maschi,81578
2024,Biella,Femmine,87005
2024,Biella,Totale,168583
2024,Verbano-Cusio-Ossola,Maschi,74929
2024,Verbano-Cusio-Ossola,Femmine,78833
2024,Verbano-Cusio-Ossola,Totale,153762
2024,"Valle d'Aosta",Maschi,60317
2024,"Valle d'Aosta",Femmine,62560
2024,"Valle d'Aosta",Totale,122877
2024,"Valle d'Aosta",Maschi,60317
2024,"Valle d'Aosta",Femmine,62560
2024,"Valle d'Aosta",Totale,122877
2024,Liguria,Maschi,729373
2024,Liguria,Femmine,779767
2024,Liguria,Totale,1509140
2024,Imperia,Maschi,101609
2024,Imperia,Femmine,107191
2024,Imperia,Totale,208800
2024,Savona,Maschi,129335
2024,Savona,Femmine,138286
2024,Savona,Totale,267621
2024,Genova,Maschi,393419
2024,Genova,Femmine,424209
2024,Genova,Totale,817628
2024,La Spezia,Maschi,105010
2024,La Spezia,Femmine,110081
2024,La Spezia,Totale,215091
2024,Lombardia,Maschi,4927003
2024,Lombardia,Femmine,5085051
2024,Lombardia,Totale,10012054
2024,Varese,Maschi,429762
2024,Varese,Femmine,450495
2024,Varese,Totale,880257
2024,Como,Maschi,294649
2024,Como,Femmine,303300
2024,Como,Totale,597949
2024,Sondrio,Maschi,88316
2024,Sondrio,Femmine,90557
2024,Sondrio,Totale,178873
2024,Milano,Maschi,1584904
2024,Milano,Femmine,1660555
2024,Milano,Totale,3245459
2024,Bergamo,Maschi,552702
2024,Bergamo,Femmine,557725
2024,Bergamo,Totale,1110427
2024,Brescia,Maschi,625870
2024,Brescia,Femmine,635085
2024,Brescia,Totale,1260955
2024,Pavia,Maschi,265015
2024,Pavia,Femmine,273617
2024,Pavia,Totale,538632
2024,Cremona,Maschi,175015
2024,Cremona,Femmine,177950
2024,Cremona,Totale,352965
2024,Mantova,Maschi,201633
2024,Mantova,Femmine,205369
2024,Mantova,Totale,407002
2024,Lecco,Maschi,164807
2024,Lecco,Femmine,168463
2024,Lecco,Totale,333270
2024,Lodi,Maschi,114084
2024,Lodi,Femmine,115389
2024,Lodi,Totale,229473
2024,Monza e della Brianza,Maschi,430246
2024,Monza e della Brianza,Femmine,446546
2024,Monza e della Brianza,Totale,876792
2024,Nord-est,Maschi,5690774
2024,Nord-est,Femmine,5890698
2024,Nord-est,Totale,11581472
2024,Trentino-Alto Adige,Maschi,535903
2024,Trentino-Alto Adige,Femmine,546799
2024,Trentino-Alto Adige,Totale,1082702
2024,Provincia Autonoma Bolzano / Bozen,Maschi,266626
2024,Provincia Autonoma Bolzano / Bozen,Femmine,270907
2024,Provincia Autonoma Bolzano / Bozen,Totale,537533
2024,Bolzano / Bozen,Maschi,266626
2024,Bolzano / Bozen,Femmine,270907
2024,Bolzano / Bozen,Totale,537533
2024,Provincia Autonoma Trento,Maschi,269277
2024,Provincia Autonoma Trento,Femmine,275892
2024,Provincia Autonoma Trento,Totale,545169
2024,Trento,Maschi,269277
2024,Trento,Femmine,275892
2024,Trento,Totale,545169
2024,Veneto,Maschi,2388262
2024,Veneto,Femmine,2463954
2024,Veneto,Totale,4852216
2024,Verona,Maschi,456995
2024,Verona,Femmine,469975
2024,Verona,Totale,926970
2024,Vicenza,Maschi,422991
2024,Vicenza,Femmine,430619
2024,Vicenza,Totale,853610
2024,Belluno,Maschi,96782
2024,Belluno,Femmine,101006
2024,Belluno,Totale,197788
2024,Treviso,Maschi,434753
2024,Treviso,Femmine,444635
2024,Treviso,Totale,879388
2024,Venezia,Maschi,407693
2024,Venezia,Femmine,427712
2024,Venezia,Totale,835405
2024,Padova,Maschi,457316
2024,Padova,Femmine,474291
2024,Padova,Totale,931607
2024,Rovigo,Maschi,111732
2024,Rovigo,Femmine,115716
2024,Rovigo,Totale,227448
2024,Friuli Venezia Giulia,Maschi,583829
2024,Friuli Venezia Giulia,Femmine,610787
2024,Friuli Venezia Giulia,Totale,1194616
2024,Udine,Maschi,251832
2024,Udine,Femmine,265311
2024,Udine,Totale,517143
2024,Gorizia,Maschi,68485
2024,Gorizia,Femmine,69829
2024,Gorizia,Totale,138314
2024,Trieste,Maschi,110275
2024,Trieste,Femmine,118121
2024,Trieste,Totale,228396
2024,Pordenone,Maschi,153237
2024,Pordenone,Femmine,157526
2024,Pordenone,Totale,310763
2024,Emilia-Romagna,Maschi,2182780
2024,Emilia-Romagna,Femmine,2269158
2024,Emilia-Romagna,Totale,4451938
2024,Piacenza,Maschi,140851
2024,Piacenza,Femmine,144538
2024,Piacenza,Totale,285389
2024,Parma,Maschi,224009
2024,Parma,Femmine,230140
2024,Parma,Totale,454149
2024,"'Reggio nell""'Emilia'",Maschi,261973
2024,"'Reggio nell""'Emilia'",Femmine,266904
2024,"'Reggio nell""'Emilia'",Totale,528877
2024,Modena,Maschi,349080
2024,Modena,Femmine,357365
2024,Modena,Totale,706445
2024,Bologna,Maschi,494362
2024,Bologna,Femmine,523174
2024,Bologna,Totale,1017536
2024,Ferrara,Maschi,165045
2024,Ferrara,Femmine,174619
2024,Ferrara,Totale,339664
2024,Ravenna,Maschi,189845
2024,Ravenna,Femmine,197384
2024,Ravenna,Totale,387229
2024,Forlì-Cesena,Maschi,192631
2024,Forlì-Cesena,Femmine,200181
2024,Forlì-Cesena,Totale,392812
2024,Rimini,Maschi,164984
2024,Rimini,Femmine,174853
2024,Rimini,Totale,339837
2024,Centro,Maschi,5689792
2024,Centro,Femmine,6021297
2024,Centro,Totale,11711089
2024,Toscana,Maschi,1779906
2024,Toscana,Femmine,1880624
2024,Toscana,Totale,3660530
2024,Massa-Carrara,Maschi,90955
2024,Massa-Carrara,Femmine,96027
2024,Massa-Carrara,Totale,186982
2024,Lucca,Maschi,185451
2024,Lucca,Femmine,196375
2024,Lucca,Totale,381826
2024,Pistoia,Maschi,140787
2024,Pistoia,Femmine,149102
2024,Pistoia,Totale,289889
2024,Firenze,Maschi,477473
2024,Firenze,Femmine,511312
2024,Firenze,Totale,988785
2024,Livorno,Maschi,158140
2024,Livorno,Femmine,168175
2024,Livorno,Totale,326315
2024,Pisa,Maschi,204311
2024,Pisa,Femmine,213363
2024,Pisa,Totale,417674
2024,Arezzo,Maschi,163489
2024,Arezzo,Femmine,169855
2024,Arezzo,Totale,333344
2024,Siena,Maschi,126420
2024,Siena,Femmine,133572
2024,Siena,Totale,259992
2024,Grosseto,Maschi,104981
2024,Grosseto,Femmine,110821
2024,Grosseto,Totale,215802
2024,Prato,Maschi,127899
2024,Prato,Femmine,132022
2024,Prato,Totale,259921
2024,Umbria,Maschi,413318
2024,Umbria,Femmine,439750
2024,Umbria,Totale,853068
2024,Perugia,Maschi,309118
2024,Perugia,Femmine,328104
2024,Perugia,Totale,637222
2024,Terni,Maschi,104200
2024,Terni,Femmine,111646
2024,Terni,Totale,215846
2024,Marche,Maschi,725906
2024,Marche,Femmine,756840
2024,Marche,Totale,1482746
2024,Pesaro e Urbino,Maschi,172049
2024,Pesaro e Urbino,Femmine,177833
2024,Pesaro e Urbino,Totale,349882
2024,Ancona,Maschi,225761
2024,Ancona,Femmine,235868
2024,Ancona,Totale,461629
2024,Macerata,Maschi,148121
2024,Macerata,Femmine,154872
2024,Macerata,Totale,302993
2024,Ascoli Piceno,Maschi,97809
2024,Ascoli Piceno,Femmine,103088
2024,Ascoli Piceno,Totale,200897
2024,Fermo,Maschi,82166
2024,Fermo,Femmine,85179
2024,Fermo,Totale,167345
2024,Lazio,Maschi,2770662
2024,Lazio,Femmine,2944083
2024,Lazio,Totale,5714745
2024,Viterbo,Maschi,151524
2024,Viterbo,Femmine,156162
2024,Viterbo,Totale,307686
2024,Rieti,Maschi,74943
2024,Rieti,Femmine,75045
2024,Rieti,Totale,149988
2024,Roma,Maschi,2034603
2024,Roma,Femmine,2190806
2024,Roma,Totale,4225409
2024,Latina,Maschi,280962
2024,Latina,Femmine,285911
2024,Latina,Totale,566873
2024,Frosinone,Maschi,228630
2024,Frosinone,Femmine,236159
2024,Frosinone,Totale,464789
2024,Mezzogiorno,Maschi,9672167
2024,Mezzogiorno,Femmine,10110808
2024,Mezzogiorno,Totale,19782975
2024,Sud,Maschi,6561419
2024,Sud,Femmine,6853744
2024,Sud,Totale,13415163
2024,Abruzzo,Maschi,622009
2024,Abruzzo,Femmine,647562
2024,Abruzzo,Totale,1269571
2024,"'L""'Aquila'",Maschi,142585
2024,"'L""'Aquila'",Femmine,144247
2024,"'L""'Aquila'",Totale,286832
2024,Teramo,Maschi,146725
2024,Teramo,Femmine,152549
2024,Teramo,Totale,299274
2024,Pescara,Maschi,151060
2024,Pescara,Femmine,161186
2024,Pescara,Totale,312246
2024,Chieti,Maschi,181639
2024,Chieti,Femmine,189580
2024,Chieti,Totale,371219
2024,Molise,Maschi,143304
2024,Molise,Femmine,145920
2024,Molise,Totale,289224
2024,Campobasso,Maschi,103799
2024,Campobasso,Femmine,106189
2024,Campobasso,Totale,209988
2024,Isernia,Maschi,39505
2024,Isernia,Femmine,39731
2024,Isernia,Totale,79236
2024,Campania,Maschi,2733422
2024,Campania,Femmine,2860484
2024,Campania,Totale,5593906
2024,Caserta,Maschi,444833
2024,Caserta,Femmine,461689
2024,Caserta,Totale,906522
2024,Benevento,Maschi,128308
2024,Benevento,Femmine,133111
2024,Benevento,Totale,261419
2024,Napoli,Maschi,1445185
2024,Napoli,Femmine,1525789
2024,Napoli,Totale,2970974
2024,Avellino,Maschi,195385
2024,Avellino,Femmine,201588
2024,Avellino,Totale,396973
2024,Salerno,Maschi,519711
2024,Salerno,Femmine,538307
2024,Salerno,Totale,1058018
2024,Puglia,Maschi,1897886
2024,Puglia,Femmine,1992775
2024,Puglia,Totale,3890661
2024,Foggia,Maschi,293270
2024,Foggia,Femmine,299808
2024,Foggia,Totale,593078
2024,Bari,Maschi,596069
2024,Bari,Femmine,625613
2024,Bari,Totale,1221682
2024,Taranto,Maschi,269424
2024,Taranto,Femmine,284077
2024,Taranto,Totale,553501
2024,Brindisi,Maschi,182788
2024,Brindisi,Femmine,194452
2024,Brindisi,Totale,377240
2024,Lecce,Maschi,369602
2024,Lecce,Femmine,397629
2024,Lecce,Totale,767231
2024,Barletta-Andria-Trani,Maschi,186733
2024,Barletta-Andria-Trani,Femmine,191196
2024,Barletta-Andria-Trani,Totale,377929
2024,Basilicata,Maschi,263568
2024,Basilicata,Femmine,269665
2024,Basilicata,Totale,533233
2024,Potenza,Maschi,169474
2024,Potenza,Femmine,173778
2024,Potenza,Totale,343252
2024,Matera,Maschi,94094
2024,Matera,Femmine,95887
2024,Matera,Totale,189981
2024,Calabria,Maschi,901230
2024,Calabria,Femmine,937338
2024,Calabria,Totale,1838568
2024,Cosenza,Maschi,329138
2024,Cosenza,Femmine,341230
2024,Cosenza,Totale,670368
2024,Catanzaro,Maschi,166726
2024,Catanzaro,Femmine,173933
2024,Catanzaro,Totale,340659
2024,Reggio di Calabria,Maschi,250970
2024,Reggio di Calabria,Femmine,264183
2024,Reggio di Calabria,Totale,515153
2024,Crotone,Maschi,79874
2024,Crotone,Femmine,82028
2024,Crotone,Totale,161902
2024,Vibo Valentia,Maschi,74522
2024,Vibo Valentia,Femmine,75964
2024,Vibo Valentia,Totale,150486
2024,Isole,Maschi,3110748
2024,Isole,Femmine,3257064
2024,Isole,Totale,6367812
2024,Sicilia,Maschi,2339466
2024,Sicilia,Femmine,2457893
2024,Sicilia,Totale,4797359
2024,Trapani,Maschi,203585
2024,Trapani,Femmine,209361
2024,Trapani,Totale,412946
2024,Palermo,Maschi,581145
2024,Palermo,Femmine,619108
2024,Palermo,Totale,1200253
2024,Messina,Maschi,289501
2024,Messina,Femmine,308570
2024,Messina,Totale,598071
2024,Agrigento,Maschi,200408
2024,Agrigento,Femmine,210100
2024,Agrigento,Totale,410508
2024,Caltanissetta,Maschi,119777
2024,Caltanissetta,Femmine,127341
2024,Caltanissetta,Totale,247118
2024,Enna,Maschi,74427
2024,Enna,Femmine,79129
2024,Enna,Totale,153556
2024,Catania,Maschi,521356
2024,Catania,Femmine,550457
2024,Catania,Totale,1071813
2024,Ragusa,Maschi,159637
2024,Ragusa,Femmine,159599
2024,Ragusa,Totale,319236
2024,Siracusa,Maschi,189630
2024,Siracusa,Femmine,194228
2024,Siracusa,Totale,383858
2024,Sardegna,Maschi,771282
2024,Sardegna,Femmine,799171
2024,Sardegna,Totale,1570453
2024,Sassari,Maschi,233257
2024,Sassari,Femmine,240236
2024,Sassari,Totale,473493
2024,Nuoro,Maschi,97286
2024,Nuoro,Femmine,99804
2024,Nuoro,Totale,197090
2024,Cagliari,Maschi,202454
2024,Cagliari,Femmine,216508
2024,Cagliari,Totale,418962
2024,Oristano,Maschi,73465
2024,Oristano,Femmine,75626
2024,Oristano,Totale,149091
2024,Sud Sardegna,Maschi,164820
2024,Sud Sardegna,Femmine,166997
2024,Sud Sardegna,Totale,331817
